-- phpMyAdmin SQL Dump
-- version 4.7.4
-- https://www.phpmyadmin.net/
--
-- Host: 127.0.0.1
-- Generation Time: Dec 21, 2017 at 02:01 PM
-- Server version: 10.1.28-MariaDB
-- PHP Version: 7.1.11

SET SQL_MODE = "NO_AUTO_VALUE_ON_ZERO";
SET AUTOCOMMIT = 0;
START TRANSACTION;
SET time_zone = "+00:00";


/*!40101 SET @OLD_CHARACTER_SET_CLIENT=@@CHARACTER_SET_CLIENT */;
/*!40101 SET @OLD_CHARACTER_SET_RESULTS=@@CHARACTER_SET_RESULTS */;
/*!40101 SET @OLD_COLLATION_CONNECTION=@@COLLATION_CONNECTION */;
/*!40101 SET NAMES utf8mb4 */;

--
-- Database: `e_api`
--

-- --------------------------------------------------------

--
-- Table structure for table `migrations`
--

CREATE TABLE `migrations` (
  `id` int(10) UNSIGNED NOT NULL,
  `migration` varchar(191) COLLATE utf8mb4_unicode_ci NOT NULL,
  `batch` int(11) NOT NULL
) ENGINE=InnoDB DEFAULT CHARSET=utf8mb4 COLLATE=utf8mb4_unicode_ci;

--
-- Dumping data for table `migrations`
--

INSERT INTO `migrations` (`id`, `migration`, `batch`) VALUES
(1, '2014_10_12_000000_create_users_table', 1),
(2, '2014_10_12_100000_create_password_resets_table', 1),
(3, '2017_12_21_114023_create_products_table', 1),
(4, '2017_12_21_114121_create_reviews_table', 1);

-- --------------------------------------------------------

--
-- Table structure for table `password_resets`
--

CREATE TABLE `password_resets` (
  `email` varchar(191) COLLATE utf8mb4_unicode_ci NOT NULL,
  `token` varchar(191) COLLATE utf8mb4_unicode_ci NOT NULL,
  `created_at` timestamp NULL DEFAULT NULL
) ENGINE=InnoDB DEFAULT CHARSET=utf8mb4 COLLATE=utf8mb4_unicode_ci;

-- --------------------------------------------------------

--
-- Table structure for table `products`
--

CREATE TABLE `products` (
  `id` int(10) UNSIGNED NOT NULL,
  `name` varchar(191) COLLATE utf8mb4_unicode_ci NOT NULL,
  `detail` text COLLATE utf8mb4_unicode_ci NOT NULL,
  `price` double NOT NULL,
  `discount` double NOT NULL,
  `stock` int(11) NOT NULL,
  `created_at` timestamp NULL DEFAULT NULL,
  `updated_at` timestamp NULL DEFAULT NULL
) ENGINE=InnoDB DEFAULT CHARSET=utf8mb4 COLLATE=utf8mb4_unicode_ci;

--
-- Dumping data for table `products`
--

INSERT INTO `products` (`id`, `name`, `detail`, `price`, `discount`, `stock`, `created_at`, `updated_at`) VALUES
(1, 'rerum', 'Et numquam sed quo iure ea sint. Optio non nisi eius minima. Illo enim sequi dignissimos neque sit reiciendis tempore. Reprehenderit qui suscipit blanditiis.', 241, 22, 4, '2017-12-21 07:59:09', '2017-12-21 07:59:09'),
(2, 'laborum', 'Corporis et rerum aut ea facere ut. Tempore fugit provident perferendis suscipit et culpa sunt nostrum. Consequatur voluptatum pariatur voluptas qui rem autem sed. Eos consequuntur quas modi totam non eos natus nobis.', 608, 19, 9, '2017-12-21 07:59:09', '2017-12-21 07:59:09'),
(3, 'cum', 'Optio qui beatae nobis libero nemo. Possimus quidem ut eum et dolor est quis. Voluptatibus et magni sit doloribus sapiente tenetur.', 238, 13, 3, '2017-12-21 07:59:09', '2017-12-21 07:59:09'),
(4, 'vero', 'Excepturi nesciunt vel rerum ipsa. Iure dignissimos voluptatibus ut minus quo quia. Quos omnis non ex asperiores. Ut assumenda inventore ut ut odio corrupti modi sapiente.', 126, 21, 4, '2017-12-21 07:59:09', '2017-12-21 07:59:09'),
(5, 'quia', 'Ut consequatur occaecati reiciendis autem consectetur odit. Voluptas minus beatae inventore non. Hic iste dolores dolor aliquid. Aliquam sed ipsam voluptatem autem magni et. Illo et iste quidem impedit quidem et.', 104, 22, 1, '2017-12-21 07:59:09', '2017-12-21 07:59:09'),
(6, 'ullam', 'Perferendis eius aperiam sed est quo et quia est. Ut corporis totam dicta corrupti. Labore ut et error corrupti a asperiores. Est dolor vitae et est voluptatem et rem provident.', 590, 22, 4, '2017-12-21 07:59:09', '2017-12-21 07:59:09'),
(7, 'ad', 'Dolorem quis alias sed neque. Voluptas culpa laboriosam totam. Quia qui est saepe eligendi.', 208, 6, 5, '2017-12-21 07:59:09', '2017-12-21 07:59:09'),
(8, 'doloribus', 'Id tenetur blanditiis dolor eum adipisci omnis. Unde officia necessitatibus consequatur consequuntur minima voluptatibus. Cumque perferendis error velit laborum.', 952, 21, 2, '2017-12-21 07:59:09', '2017-12-21 07:59:09'),
(9, 'natus', 'Est modi et accusantium culpa voluptas sint nisi facere. Deserunt minima assumenda eos voluptas vitae fugiat numquam. Accusamus non repudiandae quidem omnis qui nam sunt.', 505, 13, 6, '2017-12-21 07:59:09', '2017-12-21 07:59:09'),
(10, 'tempore', 'Sed est reprehenderit aut quis. Ut amet vero illo minus veniam non ut. Doloremque sit aut officia voluptates fuga.', 477, 16, 0, '2017-12-21 07:59:09', '2017-12-21 07:59:09'),
(11, 'magni', 'Qui quod debitis aut. Reiciendis a dolores excepturi beatae voluptatem. Accusamus sapiente hic unde. Possimus qui et aperiam qui.', 736, 7, 7, '2017-12-21 07:59:09', '2017-12-21 07:59:09'),
(12, 'possimus', 'Corrupti perspiciatis officia architecto facere molestiae. Culpa impedit saepe dignissimos. Corporis quos dolorem ratione qui beatae doloremque. Totam sed neque sit molestiae. Rerum temporibus consequatur ut a voluptatibus.', 467, 17, 5, '2017-12-21 07:59:09', '2017-12-21 07:59:09'),
(13, 'quos', 'Ut enim reiciendis quas aut voluptatibus quidem. Sit adipisci maiores dolores consequuntur. Quibusdam ad temporibus nisi ut. Officiis dolor non id consequatur quos ut aspernatur.', 727, 30, 1, '2017-12-21 07:59:09', '2017-12-21 07:59:09'),
(14, 'omnis', 'Ut dolor odio aspernatur explicabo at. Dolorem officiis et deserunt accusantium asperiores unde recusandae. Voluptatem accusantium cupiditate a rem reiciendis deserunt rerum aut.', 253, 12, 8, '2017-12-21 07:59:09', '2017-12-21 07:59:09'),
(15, 'ipsum', 'Iure error quae nemo repellendus incidunt non ipsum. Quidem vero sequi nam dolor.', 471, 4, 8, '2017-12-21 07:59:10', '2017-12-21 07:59:10'),
(16, 'sapiente', 'Iste animi aspernatur harum est praesentium itaque qui vero. Voluptate nisi consequatur dicta quis numquam. Pariatur sit sit molestiae officiis id provident voluptates. Dolorem beatae quis commodi qui nihil aut inventore.', 831, 15, 8, '2017-12-21 07:59:10', '2017-12-21 07:59:10'),
(17, 'quod', 'Voluptatibus ab occaecati unde laudantium voluptas. Omnis qui aut itaque velit sunt est ut. Maiores et consequatur vel nam voluptas recusandae odit. Et libero rerum ullam pariatur eos.', 512, 21, 0, '2017-12-21 07:59:10', '2017-12-21 07:59:10'),
(18, 'quia', 'Quia qui sint totam. Fugit reiciendis quibusdam alias odio et enim. Voluptas aspernatur fuga rerum eius. Consequuntur ut illo velit omnis voluptatem iste ut. Dolor rerum libero et sunt fugit voluptatem quasi.', 175, 6, 6, '2017-12-21 07:59:10', '2017-12-21 07:59:10'),
(19, 'voluptatibus', 'Corporis eaque id minima eveniet quos et aspernatur et. Nesciunt dolorum architecto fuga debitis temporibus voluptas nihil. Expedita dolorum quasi dolores. Quia at rem fuga vero et dolorem consequatur quam. Quam omnis at molestias quia doloribus tenetur.', 843, 24, 2, '2017-12-21 07:59:10', '2017-12-21 07:59:10'),
(20, 'distinctio', 'Itaque dolore eos pariatur sapiente cumque neque. Expedita eos ut est eum sequi. Magni autem rem cum ratione.', 122, 27, 6, '2017-12-21 07:59:10', '2017-12-21 07:59:10'),
(21, 'eos', 'Et eius tempore dolorum aliquam magni soluta cum unde. Nisi in amet ea in consequatur nihil suscipit. Occaecati ut magni culpa et repellat tempore quis.', 143, 8, 4, '2017-12-21 07:59:10', '2017-12-21 07:59:10'),
(22, 'quaerat', 'Iusto in quia quas explicabo. Minima culpa illum fugiat.', 826, 3, 0, '2017-12-21 07:59:10', '2017-12-21 07:59:10'),
(23, 'molestiae', 'Amet ipsa in in labore reprehenderit dolor placeat dolore. Non ea sequi ut adipisci deserunt perspiciatis laborum eum.', 616, 23, 6, '2017-12-21 07:59:10', '2017-12-21 07:59:10'),
(24, 'sint', 'Ut optio culpa sunt reprehenderit qui. Voluptatibus deserunt esse vero quo saepe blanditiis vero. Odit aliquid tempora qui itaque.', 337, 2, 8, '2017-12-21 07:59:10', '2017-12-21 07:59:10'),
(25, 'aliquid', 'Facere nisi sit excepturi nostrum ipsa nam dolores. Alias rerum minus et nesciunt culpa. Ducimus eius aspernatur rerum voluptatem. Laboriosam repellendus qui aspernatur cumque dicta et et.', 838, 29, 9, '2017-12-21 07:59:10', '2017-12-21 07:59:10'),
(26, 'quia', 'Architecto sint nobis et quam voluptatem. Cumque corrupti ex quaerat doloremque iure sed.', 945, 6, 3, '2017-12-21 07:59:10', '2017-12-21 07:59:10'),
(27, 'debitis', 'Mollitia velit qui quia ex repellendus. Unde voluptatem asperiores eius quia alias veritatis voluptate. Veritatis qui nesciunt veniam quas. Possimus culpa suscipit ut.', 578, 17, 3, '2017-12-21 07:59:10', '2017-12-21 07:59:10'),
(28, 'nihil', 'Hic distinctio quo rem enim deserunt velit illo. Veritatis nihil corrupti id minima eius qui. Debitis voluptas reprehenderit a et.', 603, 8, 1, '2017-12-21 07:59:10', '2017-12-21 07:59:10'),
(29, 'est', 'Est dolore quis nemo voluptatum perferendis similique rerum. Vitae cupiditate accusantium explicabo. Quis dignissimos ut enim. Eaque quod deleniti aperiam praesentium omnis quo sit.', 190, 27, 8, '2017-12-21 07:59:10', '2017-12-21 07:59:10'),
(30, 'et', 'Saepe ut qui sunt voluptate dolore sapiente omnis. Quia est quaerat necessitatibus quia natus. Dolores corrupti ullam ipsam ut. Commodi tempora adipisci qui fugit natus molestiae perferendis nihil.', 778, 10, 6, '2017-12-21 07:59:10', '2017-12-21 07:59:10'),
(31, 'assumenda', 'Ea quisquam nihil aut quis quos sequi eos. Expedita sunt reprehenderit aut velit qui beatae. Nesciunt rerum excepturi laudantium aliquid quisquam illum corporis sint. Unde magnam voluptatem accusamus.', 548, 23, 5, '2017-12-21 07:59:10', '2017-12-21 07:59:10'),
(32, 'labore', 'Ab natus fugiat asperiores voluptatem aut aliquid reprehenderit. Illo voluptate sit et dolorum. Provident perferendis aut vel nesciunt quis. Non cumque ad saepe.', 534, 25, 9, '2017-12-21 07:59:10', '2017-12-21 07:59:10'),
(33, 'reprehenderit', 'Eos possimus nesciunt aut. Quia dolores similique quaerat omnis in aperiam. Voluptatem sed voluptatum molestiae sed debitis. Minima reprehenderit quia vel temporibus animi.', 860, 9, 1, '2017-12-21 07:59:10', '2017-12-21 07:59:10'),
(34, 'dolorum', 'Sit eaque qui rerum accusantium. Quam illum quia eius ratione ipsum. Enim nihil itaque ex sapiente sit beatae omnis.', 543, 15, 7, '2017-12-21 07:59:11', '2017-12-21 07:59:11'),
(35, 'cupiditate', 'Quia eius omnis omnis. Id cum blanditiis recusandae sit aut excepturi sit enim. Id est libero in provident incidunt. Sit est reprehenderit minima est iure modi eaque.', 257, 13, 9, '2017-12-21 07:59:11', '2017-12-21 07:59:11'),
(36, 'quia', 'Quo labore iusto et est eligendi consequatur nesciunt. Et enim mollitia nihil similique ut.', 508, 30, 6, '2017-12-21 07:59:11', '2017-12-21 07:59:11'),
(37, 'alias', 'Porro excepturi quia esse iure minima illo ea pariatur. Aut doloribus quae ab quisquam quia. Natus sed aut doloribus et occaecati. Quia aliquid qui sunt ut.', 208, 22, 4, '2017-12-21 07:59:11', '2017-12-21 07:59:11'),
(38, 'fugit', 'Quasi dolorum et id. Et asperiores ea tenetur eveniet. Nisi corporis ab inventore. Rerum voluptate vero enim voluptates.', 421, 20, 4, '2017-12-21 07:59:11', '2017-12-21 07:59:11'),
(39, 'impedit', 'Aut corporis beatae quibusdam. Quaerat consequatur corporis consequatur quibusdam qui. Repellat aliquam quidem numquam unde odio inventore culpa. Tempora et eius officiis quasi officia voluptas perspiciatis.', 320, 11, 2, '2017-12-21 07:59:11', '2017-12-21 07:59:11'),
(40, 'debitis', 'Nostrum reiciendis quia voluptatem numquam illum repellendus. Nostrum ipsum omnis veritatis esse dolore et rerum. Possimus sequi aut eius sit.', 928, 9, 4, '2017-12-21 07:59:11', '2017-12-21 07:59:11'),
(41, 'quis', 'Quae dignissimos quas a vitae pariatur quam dolores. Commodi exercitationem quas vel totam. Eligendi delectus rem dolor suscipit.', 110, 6, 6, '2017-12-21 07:59:11', '2017-12-21 07:59:11'),
(42, 'quia', 'Ut earum laborum voluptate hic. Laborum a id quaerat optio aut esse. Non est inventore est. Suscipit cum magnam ut ad.', 538, 4, 4, '2017-12-21 07:59:11', '2017-12-21 07:59:11'),
(43, 'dolor', 'Repellat optio architecto architecto eius explicabo neque. Ullam molestiae nihil quas qui id excepturi debitis culpa. Recusandae cum ut ut dicta sequi sed. Est temporibus inventore nemo velit sit est omnis quos.', 500, 9, 8, '2017-12-21 07:59:11', '2017-12-21 07:59:11'),
(44, 'sed', 'Soluta deserunt natus sed sed possimus dolores modi. Quisquam aperiam ut aut molestiae iure animi necessitatibus quia. Reiciendis quae fuga eum aspernatur debitis sint ad.', 418, 13, 0, '2017-12-21 07:59:11', '2017-12-21 07:59:11'),
(45, 'et', 'Eum quia nesciunt error laudantium exercitationem voluptatibus velit. Quia dolorum blanditiis eius facilis autem minima consectetur numquam. Impedit unde molestias aspernatur vero unde eveniet. Et molestias saepe inventore laboriosam quia molestiae.', 993, 5, 3, '2017-12-21 07:59:11', '2017-12-21 07:59:11'),
(46, 'fugit', 'Architecto fugiat ab laboriosam. Deleniti reiciendis et ea tempora. Sunt id recusandae aliquid ratione.', 862, 2, 8, '2017-12-21 07:59:11', '2017-12-21 07:59:11'),
(47, 'ut', 'Rerum provident incidunt deserunt non quidem. Inventore dicta at minima unde. Natus officiis velit necessitatibus voluptatem minus recusandae.', 213, 16, 4, '2017-12-21 07:59:11', '2017-12-21 07:59:11'),
(48, 'quis', 'Quae et atque sunt qui unde deserunt. Aut deleniti aut nihil suscipit asperiores. Ullam aliquam veniam consequatur libero. Et voluptas molestiae incidunt ut aut quo.', 508, 15, 3, '2017-12-21 07:59:11', '2017-12-21 07:59:11'),
(49, 'adipisci', 'Quam inventore pariatur voluptatem maxime quod velit cum. Repudiandae voluptas sint suscipit aut. Eaque mollitia nostrum sint non debitis nihil dolor. Et natus dolorem laudantium vitae ut error voluptas.', 364, 10, 5, '2017-12-21 07:59:11', '2017-12-21 07:59:11'),
(50, 'et', 'Ut commodi esse dolorem quo. Saepe sapiente deleniti accusamus aliquam esse. Ut qui asperiores et voluptatem.', 772, 26, 2, '2017-12-21 07:59:11', '2017-12-21 07:59:11');

-- --------------------------------------------------------

--
-- Table structure for table `reviews`
--

CREATE TABLE `reviews` (
  `id` int(10) UNSIGNED NOT NULL,
  `product_id` int(10) UNSIGNED NOT NULL,
  `customer` varchar(191) COLLATE utf8mb4_unicode_ci NOT NULL,
  `review` text COLLATE utf8mb4_unicode_ci NOT NULL,
  `rating` int(11) NOT NULL,
  `created_at` timestamp NULL DEFAULT NULL,
  `updated_at` timestamp NULL DEFAULT NULL
) ENGINE=InnoDB DEFAULT CHARSET=utf8mb4 COLLATE=utf8mb4_unicode_ci;

--
-- Dumping data for table `reviews`
--

INSERT INTO `reviews` (`id`, `product_id`, `customer`, `review`, `rating`, `created_at`, `updated_at`) VALUES
(1, 40, 'Alphonso Block', 'Aliquid autem amet in. Id voluptatem quia laboriosam facilis iure ex nesciunt inventore. Et et commodi dicta qui quia consectetur quis.', 0, '2017-12-21 07:59:12', '2017-12-21 07:59:12'),
(2, 17, 'Danika Rice', 'Nostrum adipisci nesciunt nobis assumenda dolor quidem. Est quibusdam sed animi et expedita numquam. Ratione non est et nesciunt voluptatem perferendis laudantium in. Odit vero iure voluptatum eius exercitationem. Voluptatem velit nesciunt repellat dolorem voluptas tempora nobis.', 4, '2017-12-21 07:59:12', '2017-12-21 07:59:12'),
(3, 12, 'Tad Conn V', 'Quae autem eos qui quam possimus adipisci facilis voluptas. Tenetur illum hic ducimus accusantium quibusdam. Ipsa velit minus rem laudantium. Quo eum odio qui eius ex et ipsum. Beatae deleniti ut fugit nostrum harum non.', 4, '2017-12-21 07:59:12', '2017-12-21 07:59:12'),
(4, 28, 'Tanner VonRueden I', 'Pariatur animi velit impedit et officiis aut. Reprehenderit ullam laborum recusandae. Id quaerat aliquid reprehenderit numquam voluptatem autem. Fugiat quo excepturi sequi ex unde sint dolorum.', 0, '2017-12-21 07:59:12', '2017-12-21 07:59:12'),
(5, 46, 'Cade Wilderman', 'Consequatur id voluptatem asperiores enim aut ut. Assumenda eos aliquid odio laboriosam harum est quo. Perspiciatis nisi sunt repellat quibusdam iure ut. Praesentium voluptatem fugit ea.', 4, '2017-12-21 07:59:12', '2017-12-21 07:59:12'),
(6, 8, 'Rosamond Turcotte', 'Rem deserunt aut cupiditate dolore dignissimos aliquid. Laudantium aut veritatis suscipit velit cumque.', 2, '2017-12-21 07:59:12', '2017-12-21 07:59:12'),
(7, 24, 'Kale Heaney', 'Ullam mollitia et sed eum velit veritatis quas. Omnis consequatur eos soluta quisquam hic est autem enim. Rerum eligendi deleniti laborum debitis non dignissimos beatae. Perferendis et tempore odit quis.', 1, '2017-12-21 07:59:12', '2017-12-21 07:59:12'),
(8, 25, 'Yolanda Wisozk', 'Nesciunt eligendi quis est voluptatem quibusdam eaque et. Sit qui ad at eligendi corrupti aut ad.', 4, '2017-12-21 07:59:12', '2017-12-21 07:59:12'),
(9, 6, 'Velva Grady', 'Molestiae quos maxime possimus magnam perferendis. Adipisci temporibus quisquam quia iusto ea deserunt sit exercitationem. Maiores voluptates ut ea et nihil. Rerum quaerat sed harum sunt voluptatibus laboriosam aliquid omnis.', 4, '2017-12-21 07:59:12', '2017-12-21 07:59:12'),
(10, 50, 'Dr. Lennie Hand MD', 'Deleniti consequatur et quia et omnis dolorum ab. Repellendus sed accusantium quia voluptatem rem. Dolorem illum consequatur qui aut molestiae.', 1, '2017-12-21 07:59:12', '2017-12-21 07:59:12'),
(11, 13, 'Dr. Violette Turner DVM', 'In animi voluptatem voluptas numquam corporis impedit. Iste facere ex deserunt maxime dolorem. Ut accusamus eaque totam velit.', 5, '2017-12-21 07:59:13', '2017-12-21 07:59:13'),
(12, 14, 'Natasha Hickle', 'Quae voluptas blanditiis quis. Aut qui ea laboriosam ratione. Aspernatur doloremque ut amet in. Aut perferendis sint qui adipisci consequatur pariatur est.', 3, '2017-12-21 07:59:13', '2017-12-21 07:59:13'),
(13, 31, 'Pascale Flatley', 'Earum aut molestiae voluptas eos. In praesentium rerum maiores a nostrum minus.', 0, '2017-12-21 07:59:13', '2017-12-21 07:59:13'),
(14, 29, 'Prof. Onie Roob', 'Aut aut quis quaerat vitae aut quia. Quas quia recusandae quia quos ut facilis similique eos. Dolor ut dolor hic soluta doloribus omnis.', 4, '2017-12-21 07:59:13', '2017-12-21 07:59:13'),
(15, 19, 'Prof. Jeremy Grant V', 'Ad et neque blanditiis ipsam non repudiandae. Atque tempora autem facere beatae unde. Non ea vitae delectus fugiat voluptate sapiente.', 2, '2017-12-21 07:59:13', '2017-12-21 07:59:13'),
(16, 14, 'Brooke Feeney', 'Commodi et minima deleniti eum. In molestiae veniam ut perferendis. Aut neque fuga rerum quis itaque.', 0, '2017-12-21 07:59:13', '2017-12-21 07:59:13'),
(17, 26, 'Prof. Bartholome Robel', 'Fuga autem maxime laborum cupiditate sapiente fuga sed. Inventore voluptas explicabo est aut libero. Officia ipsum qui eos consequuntur voluptas est eos. Consequuntur sed dolores aliquam reprehenderit explicabo quia.', 2, '2017-12-21 07:59:13', '2017-12-21 07:59:13'),
(18, 22, 'Travis Kilback', 'Aperiam quam nemo labore et rerum voluptatem est. Dolor sed a maxime veritatis nisi vel. Est nihil incidunt dolorem rerum debitis accusantium et.', 2, '2017-12-21 07:59:13', '2017-12-21 07:59:13'),
(19, 18, 'Gage Simonis', 'Nostrum vel voluptatibus nobis explicabo impedit aut molestias. Cupiditate cumque qui aut nesciunt. Ut ut quas architecto et eum. Expedita et doloremque voluptas ut non eos ut.', 1, '2017-12-21 07:59:13', '2017-12-21 07:59:13'),
(20, 44, 'Miss America Windler', 'Facere aut omnis error repellat culpa. Dolor sunt aut rerum nisi. Amet voluptatem quae perspiciatis exercitationem modi rerum sit. Sapiente doloribus ea nesciunt vero in.', 1, '2017-12-21 07:59:13', '2017-12-21 07:59:13'),
(21, 13, 'Miss Isabelle Blanda I', 'Aut omnis facere ducimus cum quas tenetur. A maiores et totam ab et sed. Molestiae est dolor quos beatae eos. Quis at vel non qui error et nihil. Quia odit ullam non.', 1, '2017-12-21 07:59:13', '2017-12-21 07:59:13'),
(22, 8, 'Daphne Pfeffer', 'Vel soluta ut aut. Repudiandae perspiciatis quasi autem quo est voluptatibus itaque. Nisi ut atque iste aut architecto dolore omnis facere.', 2, '2017-12-21 07:59:13', '2017-12-21 07:59:13'),
(23, 35, 'Gisselle Schmidt', 'Sit repellendus sed provident dolor et labore distinctio. Omnis officiis fugiat aut voluptatem eos.', 0, '2017-12-21 07:59:13', '2017-12-21 07:59:13'),
(24, 19, 'Ms. Paige Wuckert', 'In amet exercitationem nemo ratione ut nesciunt dolores. A dicta perferendis ullam id dicta tempora commodi. Eveniet omnis ut sunt aut odit consequatur.', 0, '2017-12-21 07:59:13', '2017-12-21 07:59:13'),
(25, 14, 'Dixie Collier PhD', 'Ab dolor quo saepe expedita voluptas. Eos soluta voluptas qui qui. Commodi expedita cupiditate rem qui. Dolor eius quos ut ad sapiente eius tempore magnam.', 5, '2017-12-21 07:59:13', '2017-12-21 07:59:13'),
(26, 23, 'Mrs. Bonita Stark DDS', 'In itaque est fugiat officia optio. Natus culpa sit velit dolore aliquam ipsa sunt. Et quo velit ex autem voluptatem.', 3, '2017-12-21 07:59:13', '2017-12-21 07:59:13'),
(27, 27, 'Fatima Macejkovic', 'Corrupti dolore dolores porro voluptatum corporis impedit. Possimus qui eveniet illum consequatur. Consequatur aut aliquam dignissimos voluptatem iste vitae.', 4, '2017-12-21 07:59:13', '2017-12-21 07:59:13'),
(28, 23, 'Alisha Kshlerin I', 'Ut aspernatur impedit saepe asperiores. Rem porro impedit nostrum voluptatum natus ad. Nemo commodi aut quisquam consectetur. Voluptatem sequi aliquam dolorem quis.', 4, '2017-12-21 07:59:13', '2017-12-21 07:59:13'),
(29, 18, 'Jadyn Morissette', 'Quam et explicabo corporis molestiae qui quas sint. Sed ad qui suscipit. Rerum blanditiis non rem voluptatibus perspiciatis laudantium vel. Eaque et aut et.', 5, '2017-12-21 07:59:13', '2017-12-21 07:59:13'),
(30, 43, 'Marcella Howe', 'Atque minima non esse tempora qui iure omnis. Voluptatem est aut exercitationem sint possimus voluptatem consectetur.', 3, '2017-12-21 07:59:13', '2017-12-21 07:59:13'),
(31, 9, 'Mrs. Kenya King', 'Voluptatem repellendus optio fugiat nam perspiciatis sit enim. Culpa commodi odit in suscipit deleniti. Ab et numquam id non aut dolorum pariatur.', 4, '2017-12-21 07:59:13', '2017-12-21 07:59:13'),
(32, 18, 'Chet Fahey', 'Dolor qui dolorem qui doloremque. Atque autem magni ipsam. Voluptatem quam ipsa atque neque qui nobis.', 0, '2017-12-21 07:59:14', '2017-12-21 07:59:14'),
(33, 33, 'Geoffrey Hessel', 'Sapiente rerum voluptates porro pariatur quidem doloremque. Dicta qui rerum ratione ea et sunt. Ut nostrum pariatur voluptates facere rerum aspernatur.', 5, '2017-12-21 07:59:14', '2017-12-21 07:59:14'),
(34, 1, 'Madge Larson I', 'Optio dicta aut hic corporis ab. Aut dolor quis odio est esse. Voluptate omnis nemo esse rerum qui autem. Sunt et rem recusandae quo blanditiis consectetur ad vero.', 1, '2017-12-21 07:59:14', '2017-12-21 07:59:14'),
(35, 50, 'Mozell McDermott', 'Omnis nisi nostrum sequi perferendis. Omnis perferendis illo consequatur quasi nobis accusamus. Natus ex sapiente eaque in qui aut. Nam corrupti voluptatem officia et optio iste ipsa.', 2, '2017-12-21 07:59:14', '2017-12-21 07:59:14'),
(36, 45, 'Mrs. Georgianna Anderson', 'Perspiciatis ea est sed amet et. Quaerat dignissimos hic laboriosam dicta rem. Blanditiis iste velit cum incidunt. Qui quas reiciendis rerum vitae quasi dolores. Nobis corrupti saepe commodi ut eius at suscipit.', 3, '2017-12-21 07:59:14', '2017-12-21 07:59:14'),
(37, 10, 'Elenor Stracke PhD', 'Et ratione dignissimos assumenda est est reiciendis quas. Quia quo quia aspernatur exercitationem nesciunt. Ex natus rerum sint aut eum impedit reiciendis repudiandae.', 0, '2017-12-21 07:59:14', '2017-12-21 07:59:14'),
(38, 12, 'Alvera Bayer', 'Repudiandae sint provident vel dolorum. Neque cumque similique id voluptatem autem. Labore magni quis beatae maxime voluptas pariatur. Vel et eum omnis omnis voluptatum et ipsa.', 0, '2017-12-21 07:59:14', '2017-12-21 07:59:14'),
(39, 44, 'Mr. Lourdes Turcotte DDS', 'Voluptatem nemo dolore quia est. Optio iste voluptate neque autem. Est quas eos aut officia vel earum ut. Maiores sunt velit sequi.', 0, '2017-12-21 07:59:14', '2017-12-21 07:59:14'),
(40, 49, 'Rigoberto Torphy', 'Incidunt eaque voluptas cum et. Eligendi similique illum temporibus quos aut. Quaerat veniam perspiciatis placeat tenetur ut.', 2, '2017-12-21 07:59:14', '2017-12-21 07:59:14'),
(41, 30, 'Lacy Ullrich', 'Quas dolor sit incidunt voluptates est. Eveniet qui ipsa quia doloremque provident ea suscipit officiis. Nulla commodi quo non eos cumque voluptatibus consectetur. Debitis maiores eaque recusandae harum. Nemo excepturi magnam nisi incidunt ut est atque recusandae.', 0, '2017-12-21 07:59:14', '2017-12-21 07:59:14'),
(42, 43, 'Prof. Bridget Kulas Sr.', 'Perspiciatis placeat sequi voluptatum mollitia rerum explicabo quidem. Nihil quasi laudantium reiciendis deserunt accusamus.', 1, '2017-12-21 07:59:14', '2017-12-21 07:59:14'),
(43, 30, 'Emie Vandervort', 'Ullam sed quaerat quia sit et enim labore facere. Neque aut esse dolores qui officia possimus sequi. Voluptatum ut vero eaque nobis.', 3, '2017-12-21 07:59:15', '2017-12-21 07:59:15'),
(44, 5, 'Dr. Daphnee Jaskolski', 'Dolores architecto totam natus quis qui. Id sequi aut quisquam repudiandae aut sint at aperiam. Inventore voluptas velit sapiente et qui qui. Possimus consectetur reprehenderit tenetur et tenetur dignissimos consequuntur.', 3, '2017-12-21 07:59:15', '2017-12-21 07:59:15'),
(45, 22, 'Cathy Witting', 'Sint deleniti veniam deleniti vero necessitatibus deserunt dolore quos. Facere dolores nostrum provident maxime corrupti. Est quis odit illum porro impedit voluptates. Corporis neque molestiae qui. Ullam ea voluptates architecto quo rerum velit harum.', 5, '2017-12-21 07:59:15', '2017-12-21 07:59:15'),
(46, 34, 'Dallas Kulas', 'Aut ut recusandae et quia. Quis eos mollitia ut neque quia voluptates sint.', 3, '2017-12-21 07:59:15', '2017-12-21 07:59:15'),
(47, 3, 'Jewell Koelpin', 'Nostrum dolores qui in facilis nulla. Suscipit tempore asperiores natus. Enim ab voluptate totam vero nobis maiores. Cum quae sint vero esse dicta mollitia.', 4, '2017-12-21 07:59:15', '2017-12-21 07:59:15'),
(48, 1, 'Dayna Hodkiewicz', 'Laboriosam aspernatur sunt quam eius deleniti est. Perspiciatis quidem illum sapiente. Et repellendus deleniti asperiores pariatur corrupti ex. Et voluptatem modi aliquid explicabo delectus.', 5, '2017-12-21 07:59:15', '2017-12-21 07:59:15'),
(49, 24, 'Kayleigh Thompson', 'Suscipit pariatur ut debitis fugiat qui. Pariatur quo explicabo omnis et. Sunt est eos ipsum suscipit incidunt pariatur. Enim sit cumque mollitia.', 0, '2017-12-21 07:59:15', '2017-12-21 07:59:15'),
(50, 30, 'Miss Julia Nicolas', 'Omnis et architecto maiores ea ex. Magnam omnis delectus consequatur. Ipsam earum voluptates quia eveniet ad quia nulla. Alias quo unde harum expedita accusantium recusandae.', 4, '2017-12-21 07:59:15', '2017-12-21 07:59:15'),
(51, 38, 'Dr. Domenico Mertz DVM', 'Et ipsa nostrum nemo harum et libero culpa. Quod voluptatem enim omnis modi hic quas atque.', 4, '2017-12-21 07:59:15', '2017-12-21 07:59:15'),
(52, 6, 'Brooke Muller', 'Ullam aut aspernatur et qui quae fugit. Eligendi at natus alias tempora. Quo distinctio temporibus et ut accusamus repellendus.', 0, '2017-12-21 07:59:15', '2017-12-21 07:59:15'),
(53, 8, 'Prof. Roosevelt Tremblay V', 'At velit nihil dolorum dignissimos. Vel repudiandae dolor tenetur a aspernatur repellat. Qui labore aliquam modi est.', 2, '2017-12-21 07:59:15', '2017-12-21 07:59:15'),
(54, 39, 'Dr. Velva Fadel IV', 'Voluptatibus quia dolor voluptas cumque. Magnam mollitia dicta ea pariatur. Velit quod totam qui voluptas. Et cupiditate ex et in consequuntur unde.', 4, '2017-12-21 07:59:15', '2017-12-21 07:59:15'),
(55, 22, 'Donato Schiller', 'Repellat magni architecto recusandae. Ab sed excepturi qui ipsa repellat quis. Libero ipsa fugit magnam et qui quis. Minus sapiente quia qui dicta.', 2, '2017-12-21 07:59:15', '2017-12-21 07:59:15'),
(56, 7, 'Miles O\'Connell', 'Dolores dolorem optio sequi vitae. Nihil totam nihil ut ea labore. Non ex delectus ut praesentium et quidem voluptatum voluptatum. Sed omnis et sapiente iste fugiat mollitia qui quidem. Deserunt veritatis voluptatum eaque maxime.', 0, '2017-12-21 07:59:15', '2017-12-21 07:59:15'),
(57, 11, 'Janiya Grant I', 'Consequatur iure laudantium totam animi ut dolores ducimus. Illum qui laborum aperiam iure tempora perspiciatis. Inventore velit et reiciendis atque. Quia dicta eveniet nihil.', 5, '2017-12-21 07:59:15', '2017-12-21 07:59:15'),
(58, 49, 'Emilio Bartoletti', 'Doloribus omnis magni dolores voluptatem. Repellendus quisquam ut a qui eligendi rerum soluta veniam. Ut nulla dolores ratione laboriosam qui molestiae qui. Sapiente voluptatibus suscipit rerum accusamus vero dolorem ut. Dolorem eos corrupti blanditiis qui numquam est doloremque.', 0, '2017-12-21 07:59:15', '2017-12-21 07:59:15'),
(59, 44, 'Monroe Smith III', 'Eum qui magnam totam. Occaecati corrupti sint ea eaque ea. Qui sed quia inventore fuga sunt magni.', 1, '2017-12-21 07:59:15', '2017-12-21 07:59:15'),
(60, 6, 'Mrs. Karelle Murray', 'Sapiente necessitatibus illum et aut eum porro. Officia dolorem doloremque magnam reiciendis vel. Possimus sapiente commodi voluptatem suscipit.', 1, '2017-12-21 07:59:15', '2017-12-21 07:59:15'),
(61, 15, 'Zander Shields', 'Officiis consequatur animi quisquam velit autem omnis. In est consectetur aut quo repudiandae. Nostrum quisquam sequi quia iure doloribus quidem commodi architecto. Ut repellendus quia voluptas quia aliquam aut corporis.', 5, '2017-12-21 07:59:15', '2017-12-21 07:59:15'),
(62, 40, 'Kaleigh Torp', 'Illo quia necessitatibus et quod esse ratione et. Ea sunt natus odio praesentium. Accusamus magnam rerum sint sunt consequuntur. Quasi explicabo enim quas nobis minima praesentium.', 5, '2017-12-21 07:59:15', '2017-12-21 07:59:15'),
(63, 43, 'Antonietta Waters', 'Aut veritatis ea ut quis cupiditate aut voluptatem. Temporibus maxime unde fugiat nam maxime est omnis. Voluptas ipsam fuga similique vitae reprehenderit nesciunt. Eius aut nam eaque libero est voluptatem.', 3, '2017-12-21 07:59:15', '2017-12-21 07:59:15'),
(64, 23, 'Annabelle Hilll', 'Labore unde repellendus voluptatem nisi saepe. Vel ipsam quis quibusdam sapiente. Enim animi est facere animi sed tempora laboriosam soluta. Et omnis dolores culpa vel animi.', 2, '2017-12-21 07:59:15', '2017-12-21 07:59:15'),
(65, 50, 'Federico McClure', 'Provident iusto beatae ratione rerum eos qui pariatur. Ut facilis beatae assumenda rem rerum tempore repellendus consectetur. Quaerat itaque iure atque. Sed aut eligendi neque.', 5, '2017-12-21 07:59:16', '2017-12-21 07:59:16'),
(66, 36, 'Wilburn Beatty', 'Excepturi veritatis aspernatur sunt aut soluta sed. In dicta impedit maiores commodi.', 3, '2017-12-21 07:59:16', '2017-12-21 07:59:16'),
(67, 38, 'Melany Runolfsson', 'Ex assumenda libero facilis. Sunt error accusamus et ab consequatur iusto. Illo ipsam et consequatur. Ex fugiat hic omnis non explicabo corrupti. Voluptas iusto aperiam deserunt magni maxime esse ab.', 3, '2017-12-21 07:59:16', '2017-12-21 07:59:16'),
(68, 6, 'Jade Farrell I', 'Est reiciendis provident dolores sequi. Quia dolor quo ad animi sit minima quis. Qui quibusdam quia ut voluptatem excepturi numquam quia.', 5, '2017-12-21 07:59:16', '2017-12-21 07:59:16'),
(69, 35, 'Ophelia Boyle', 'Voluptates non nemo inventore. Necessitatibus blanditiis neque porro in fugit.', 1, '2017-12-21 07:59:16', '2017-12-21 07:59:16'),
(70, 49, 'Dr. Ernie Nikolaus', 'Harum itaque consequatur corrupti commodi aliquid. Eos sapiente qui et enim. Quia est odio libero quaerat sunt in quod.', 2, '2017-12-21 07:59:16', '2017-12-21 07:59:16'),
(71, 25, 'Trisha Conn', 'Dolorem sed itaque deserunt ipsam. Voluptate aliquam eum incidunt dignissimos ducimus aut. Qui reprehenderit voluptas consequatur quo reprehenderit consequatur. Quo deserunt animi molestiae expedita commodi molestiae.', 2, '2017-12-21 07:59:16', '2017-12-21 07:59:16'),
(72, 30, 'Rasheed Weimann', 'Tempore debitis autem aut error ut. Ducimus omnis et voluptas et dolores accusamus. Ipsa perspiciatis dolores labore velit.', 5, '2017-12-21 07:59:16', '2017-12-21 07:59:16'),
(73, 39, 'Joanny Baumbach', 'Repellendus qui voluptatem labore quam eos. Accusantium voluptas necessitatibus ea animi eaque veritatis. Voluptatem sunt vitae ab magni dolorem. Nisi eos nulla dolor est ducimus at.', 1, '2017-12-21 07:59:16', '2017-12-21 07:59:16'),
(74, 36, 'Keyshawn Rogahn', 'Voluptatem recusandae aut debitis qui ut et excepturi. Velit tempore ipsa aliquam est consequatur. Magni ea harum eum. Fugit neque velit rerum omnis et quis neque.', 3, '2017-12-21 07:59:16', '2017-12-21 07:59:16'),
(75, 24, 'Beatrice Beatty', 'Qui libero est optio recusandae. Omnis ipsum est in ad ipsam odit culpa. Libero debitis aliquid nobis eligendi. Velit rerum veritatis rem. Vero placeat aliquid quae et.', 4, '2017-12-21 07:59:16', '2017-12-21 07:59:16'),
(76, 10, 'Kacie Johns MD', 'Accusamus excepturi in et sapiente quas qui totam consequatur. Asperiores voluptatem neque reprehenderit magni debitis. Quis ut autem doloremque.', 5, '2017-12-21 07:59:16', '2017-12-21 07:59:16'),
(77, 15, 'Alexis Bauch III', 'Cupiditate esse unde voluptatem voluptatem aut qui nesciunt. Esse aut aliquid est ducimus quam est. Officiis nihil saepe et dignissimos hic maiores ut.', 4, '2017-12-21 07:59:16', '2017-12-21 07:59:16'),
(78, 23, 'Prof. Boris Rath Sr.', 'Iste animi est sunt quis. Beatae eveniet nihil consequatur id provident at recusandae. Repellat temporibus hic nihil perspiciatis est sapiente. Sit sit velit voluptatem. Sunt aut earum nihil saepe esse.', 0, '2017-12-21 07:59:16', '2017-12-21 07:59:16'),
(79, 29, 'Dr. Olen Heidenreich V', 'Recusandae ea quidem libero cum deserunt. Dolorum voluptas reiciendis minus optio quis. Modi voluptatem aperiam qui quia ex.', 1, '2017-12-21 07:59:16', '2017-12-21 07:59:16'),
(80, 12, 'Miss Lauren Feest DDS', 'Necessitatibus sit dolore voluptatem deserunt at delectus ratione error. Sunt accusantium nulla ab ullam sed voluptatem. Mollitia omnis rem libero.', 2, '2017-12-21 07:59:16', '2017-12-21 07:59:16'),
(81, 23, 'Bridie Hodkiewicz PhD', 'Officiis non dolore libero odit. Nihil qui et vero neque est corporis nostrum. Modi quo provident et veritatis. Ut qui quia natus qui natus ut aut. Recusandae molestiae ratione ut unde eaque.', 3, '2017-12-21 07:59:16', '2017-12-21 07:59:16'),
(82, 22, 'Maymie Balistreri', 'Consequatur vero ut voluptatibus impedit. Rerum explicabo aspernatur laborum omnis temporibus ut voluptates. Culpa molestiae ratione non aut.', 4, '2017-12-21 07:59:16', '2017-12-21 07:59:16'),
(83, 7, 'Mr. Bo Pollich', 'A dolor doloremque molestias sed est eligendi numquam. Soluta iusto animi eligendi. Rerum labore eaque totam officia quis. Iste quis culpa et et laudantium vero ut rerum.', 1, '2017-12-21 07:59:16', '2017-12-21 07:59:16'),
(84, 14, 'Wanda Erdman', 'Nulla consectetur molestiae omnis consequatur similique. Quis fugiat voluptatem est quod corporis est. Quis amet dignissimos autem amet.', 3, '2017-12-21 07:59:16', '2017-12-21 07:59:16'),
(85, 32, 'Prof. Lincoln Windler Jr.', 'Ad dolores est occaecati ut deserunt. Ut aut dolores doloremque sed sunt est deserunt voluptatem. Quasi nostrum voluptatem quia esse enim sit molestiae eum. Minima consequatur rerum repellat odio aut rerum.', 3, '2017-12-21 07:59:16', '2017-12-21 07:59:16'),
(86, 31, 'Damaris Conn', 'Consequatur fugiat minima eos minus. Blanditiis id quasi distinctio aut est qui. Sit voluptatem autem accusamus ipsum dolores. Quisquam quo sed eos rerum et sit.', 2, '2017-12-21 07:59:16', '2017-12-21 07:59:16'),
(87, 6, 'Jillian Wolf', 'Et dolore iste neque est laudantium eligendi deserunt. Aut cumque sapiente dolores fugiat cum cumque. Deleniti deserunt odio rerum nihil.', 3, '2017-12-21 07:59:17', '2017-12-21 07:59:17'),
(88, 22, 'Dr. Edwardo Hirthe', 'Dolores fugiat excepturi delectus voluptatem molestiae. In inventore aut excepturi vitae nostrum repudiandae praesentium. Qui quo fuga qui aut quas.', 3, '2017-12-21 07:59:17', '2017-12-21 07:59:17'),
(89, 24, 'Helen Turcotte', 'Aperiam numquam autem ipsa qui. Consequatur praesentium magnam eveniet commodi repellat non veritatis. Deserunt quaerat est autem qui voluptas ad. Qui qui quia doloribus optio optio et. Occaecati reiciendis ipsa aut est quo quis.', 3, '2017-12-21 07:59:17', '2017-12-21 07:59:17'),
(90, 34, 'Alberta Cummerata', 'Dolores eum labore qui voluptas quod. Quibusdam accusantium qui nihil qui autem doloremque maxime. Voluptatem ut at eos fugiat. Voluptatum et harum molestiae nesciunt.', 3, '2017-12-21 07:59:17', '2017-12-21 07:59:17'),
(91, 36, 'Mr. Royce McDermott Sr.', 'Quam omnis enim et molestias assumenda doloribus occaecati. Molestiae consequatur quia tempora quas aspernatur repellendus dolores. Animi sapiente similique accusamus quia maxime harum officiis. Illo molestiae et ut dolor consectetur culpa voluptas.', 3, '2017-12-21 07:59:17', '2017-12-21 07:59:17'),
(92, 30, 'Una Littel', 'Hic similique laborum veritatis molestias nesciunt debitis facilis. Nostrum harum rem nihil quo modi amet sunt et. Est voluptatibus dolore distinctio veritatis veritatis et perspiciatis.', 0, '2017-12-21 07:59:17', '2017-12-21 07:59:17'),
(93, 34, 'Trey Wolf', 'Occaecati quos est necessitatibus voluptas repudiandae. Cumque impedit ex modi velit corporis occaecati iure. Iure odit asperiores totam soluta suscipit rerum deleniti.', 5, '2017-12-21 07:59:17', '2017-12-21 07:59:17'),
(94, 2, 'Prof. Iva Blanda DDS', 'Natus dolores nobis enim dolor aliquid consequatur. Est dolores illum asperiores. Numquam sed amet animi quis perferendis quidem omnis.', 3, '2017-12-21 07:59:17', '2017-12-21 07:59:17'),
(95, 14, 'Pauline O\'Kon', 'Impedit voluptatem voluptas architecto. Minima temporibus ut atque. Voluptatem ipsum veritatis ratione nihil est.', 2, '2017-12-21 07:59:17', '2017-12-21 07:59:17'),
(96, 39, 'Rhianna Keeling', 'Sunt quia adipisci laborum temporibus quae molestias. Sit sunt qui autem dolores dolorem. Deleniti sunt hic magnam necessitatibus libero. Veniam cupiditate aut provident aspernatur et culpa temporibus qui. Sint culpa enim ipsum nihil est.', 4, '2017-12-21 07:59:17', '2017-12-21 07:59:17'),
(97, 46, 'Dr. Vicenta Schmitt V', 'Excepturi adipisci ad magni quaerat quidem. Sunt deleniti et ex quaerat dolorum voluptatem ut.', 5, '2017-12-21 07:59:17', '2017-12-21 07:59:17'),
(98, 27, 'Larry Swaniawski', 'Voluptatem dolor omnis ut odio numquam. Rerum eos neque consequatur amet voluptatibus natus libero. Rerum eius at a incidunt et eum nobis.', 1, '2017-12-21 07:59:17', '2017-12-21 07:59:17'),
(99, 25, 'Mr. Arnulfo Witting V', 'Officiis id non quam sunt. Ut quae accusantium dignissimos placeat debitis facere. Ratione ipsa pariatur eum ea.', 2, '2017-12-21 07:59:17', '2017-12-21 07:59:17'),
(100, 44, 'Mr. Raymond D\'Amore', 'Qui et ea porro repellendus harum sit quam. Laudantium vel molestiae perferendis provident. Ut fugiat et velit aliquam sit veniam quas repellendus. Porro id sit sit similique possimus incidunt corporis.', 0, '2017-12-21 07:59:17', '2017-12-21 07:59:17'),
(101, 20, 'Prof. Karen Jones IV', 'Cum voluptatem fugiat modi consequatur. Voluptate aperiam nihil ut sed sint et quo. Numquam perspiciatis reiciendis doloremque veniam numquam sed nemo. Excepturi est est omnis consequatur sunt.', 3, '2017-12-21 07:59:17', '2017-12-21 07:59:17'),
(102, 40, 'Simeon Brekke', 'Asperiores totam qui dolorem. Enim aliquid aspernatur quam itaque. Dolorem rem et cumque sapiente eos voluptas. Veritatis sed autem cupiditate iure officia ipsam voluptates.', 3, '2017-12-21 07:59:17', '2017-12-21 07:59:17'),
(103, 5, 'Sean McGlynn', 'Perspiciatis vitae quis dolorem molestias. Quo reiciendis voluptas veritatis autem expedita. Doloribus quis in in minima nisi qui rerum cumque.', 3, '2017-12-21 07:59:17', '2017-12-21 07:59:17'),
(104, 4, 'Shana Heathcote Jr.', 'Et et odio quisquam eveniet. Accusamus enim maiores quia eos velit enim omnis aut. Voluptatum ea reprehenderit vitae officia ut sint rerum. Rem aut adipisci laudantium ut.', 5, '2017-12-21 07:59:17', '2017-12-21 07:59:17'),
(105, 30, 'Angie Okuneva', 'Fugiat et at labore et facilis at et voluptatem. Deserunt eos id eum molestiae unde facere voluptas. Ut quae animi dicta qui et qui ad.', 3, '2017-12-21 07:59:17', '2017-12-21 07:59:17'),
(106, 49, 'Prof. Burnice Haag IV', 'Omnis enim et dolorem autem cupiditate. Mollitia iste hic omnis veritatis repellendus cumque ipsam. Modi ea porro aspernatur quasi odio autem.', 0, '2017-12-21 07:59:17', '2017-12-21 07:59:17'),
(107, 33, 'Henry Muller', 'Ut ducimus voluptatem qui ipsum magni deserunt velit. Recusandae quidem enim perspiciatis quia mollitia vel similique. Molestiae delectus est voluptates ad labore et.', 0, '2017-12-21 07:59:17', '2017-12-21 07:59:17'),
(108, 44, 'Verda Greenfelder Sr.', 'Et velit quia ut inventore mollitia magnam dolorum. Soluta omnis provident maxime est. Reiciendis ipsam rerum dolorem laboriosam qui.', 1, '2017-12-21 07:59:17', '2017-12-21 07:59:17'),
(109, 34, 'Erica Cremin DVM', 'Aut sint consequatur iusto id. Labore sed eius assumenda nihil aut autem non. Similique laborum ullam assumenda quam officiis enim. Quod illum voluptatem in illo cumque.', 2, '2017-12-21 07:59:18', '2017-12-21 07:59:18'),
(110, 18, 'Bernard Reinger', 'Praesentium est voluptate quis aperiam veritatis corporis quam. Tenetur veniam magni vel deserunt et quod. Ea occaecati ad molestiae ut voluptas impedit a.', 4, '2017-12-21 07:59:18', '2017-12-21 07:59:18'),
(111, 47, 'Prof. Cyril Bernier', 'Rerum quos corporis culpa eos. Libero enim non ea et et consectetur. Minus possimus voluptatem odit eum. Doloremque temporibus consequatur quidem et dolore corrupti.', 2, '2017-12-21 07:59:18', '2017-12-21 07:59:18'),
(112, 7, 'Vida Wintheiser', 'Labore quae rerum dolorum. Ducimus nam officiis facere autem at at et. Vero magnam maxime et et. Nulla exercitationem doloribus adipisci dignissimos qui quibusdam omnis.', 2, '2017-12-21 07:59:18', '2017-12-21 07:59:18'),
(113, 19, 'Oswald Quigley MD', 'At unde repellendus est corporis quaerat aperiam vero. Asperiores enim quas ratione fugiat iure quidem est. Occaecati magnam unde ipsum perspiciatis labore molestiae aut.', 1, '2017-12-21 07:59:18', '2017-12-21 07:59:18'),
(114, 33, 'Loma Bins', 'Distinctio id rerum exercitationem ipsum praesentium laboriosam perspiciatis eaque. Voluptatibus sit qui molestiae temporibus alias iusto sequi qui. Aliquid iure accusamus tenetur repellat alias nihil velit. Delectus odit dolores nulla et ducimus officiis repellendus quaerat.', 4, '2017-12-21 07:59:18', '2017-12-21 07:59:18'),
(115, 33, 'Selina Kertzmann', 'Quia eos recusandae harum rem quidem consequuntur deleniti. Molestiae expedita atque beatae autem in mollitia numquam veritatis. Voluptas aspernatur eaque dolorem voluptatem laboriosam.', 2, '2017-12-21 07:59:18', '2017-12-21 07:59:18'),
(116, 22, 'Prof. Juanita Harber I', 'Asperiores fugit eaque vero optio mollitia. Non omnis quam laborum dolores.', 0, '2017-12-21 07:59:18', '2017-12-21 07:59:18'),
(117, 38, 'Prof. Marjolaine Turner', 'Doloremque consequuntur aut et reiciendis. Nemo dignissimos tenetur ducimus ratione. Dolorem sunt sapiente quia amet sunt.', 5, '2017-12-21 07:59:18', '2017-12-21 07:59:18'),
(118, 39, 'Prof. Delores Metz', 'Dolor adipisci reiciendis occaecati sed a dolor possimus. Sed enim laborum dolores neque nam voluptatum temporibus inventore. Dolores itaque et fuga et corporis maiores. Doloribus neque explicabo culpa et esse numquam ea voluptate.', 5, '2017-12-21 07:59:18', '2017-12-21 07:59:18'),
(119, 23, 'Clovis Wisoky', 'Ipsa sit qui omnis dicta fugit itaque. Ipsa eos eum quo dolor voluptatum autem velit. Distinctio blanditiis non ut consequatur nihil. Eveniet et placeat hic praesentium.', 4, '2017-12-21 07:59:18', '2017-12-21 07:59:18'),
(120, 47, 'Prof. Ethel Howe DVM', 'Quis fugiat enim corrupti rem culpa nam ad consequatur. Saepe accusantium quia ex error eius amet. Eos earum et eum omnis dolores. Quaerat quia a ipsa dolor vel officia recusandae.', 4, '2017-12-21 07:59:18', '2017-12-21 07:59:18'),
(121, 43, 'Mr. Brook Wehner', 'Nostrum et autem officiis excepturi. Quas non sapiente odit nulla dicta. Illum dolor inventore incidunt. Nisi et assumenda omnis et aspernatur ipsum.', 5, '2017-12-21 07:59:18', '2017-12-21 07:59:18'),
(122, 23, 'Ms. Eloisa Gibson Sr.', 'Asperiores at rem quisquam velit. Aperiam commodi et ut sed nemo distinctio. Est beatae sequi sunt aut vel labore perspiciatis. Neque libero repudiandae aut voluptatum voluptate sit in.', 3, '2017-12-21 07:59:18', '2017-12-21 07:59:18'),
(123, 30, 'Ana Schmidt', 'Voluptas qui fuga vitae. Necessitatibus omnis ad commodi autem voluptatem. Autem excepturi corrupti qui inventore.', 0, '2017-12-21 07:59:18', '2017-12-21 07:59:18'),
(124, 25, 'Jeramy Brakus I', 'Voluptas nesciunt sint velit. Rerum voluptatem magni autem tempora eaque natus.', 5, '2017-12-21 07:59:18', '2017-12-21 07:59:18'),
(125, 33, 'Bret Wolf', 'Iste atque quia recusandae enim. Officia dolor quas quia minus non quia eos voluptas. Quo qui tenetur nemo ea. Velit deleniti aut asperiores commodi voluptatem.', 2, '2017-12-21 07:59:18', '2017-12-21 07:59:18'),
(126, 8, 'Parker Deckow', 'Praesentium nisi sint placeat. Unde debitis et quisquam et aut unde occaecati et. Et laudantium omnis aliquid similique. Iste facilis praesentium atque beatae quis occaecati.', 2, '2017-12-21 07:59:19', '2017-12-21 07:59:19'),
(127, 37, 'Ms. Leilani Beahan', 'Qui fuga molestiae voluptas voluptatem totam harum. Sed ab qui maxime ea. Numquam dolores recusandae officiis et ipsa. Commodi sapiente aut eaque incidunt.', 2, '2017-12-21 07:59:19', '2017-12-21 07:59:19'),
(128, 42, 'Dr. London Becker', 'Consequuntur enim sint ut. Deleniti tempore quod velit et ea voluptatem deserunt. Voluptatem qui sit repudiandae labore. Laboriosam ducimus autem enim rem placeat vel.', 5, '2017-12-21 07:59:19', '2017-12-21 07:59:19'),
(129, 1, 'Kaden Fay', 'Et nam nam enim ut natus. Voluptatibus distinctio qui eligendi. Expedita dolor esse voluptatibus labore iusto. Officia aliquid id illum.', 0, '2017-12-21 07:59:19', '2017-12-21 07:59:19'),
(130, 14, 'Elvis Moen', 'Aut ab dolorum assumenda voluptatem quam beatae. Magni numquam dolor repellendus quibusdam id omnis ipsam corporis. Quasi libero praesentium vitae quae magni.', 2, '2017-12-21 07:59:19', '2017-12-21 07:59:19'),
(131, 22, 'Mr. Jarvis Crona III', 'Non at velit id ipsa labore. Quo tempora recusandae omnis nisi voluptate. Quas sint odio quasi soluta omnis voluptatem dolor.', 1, '2017-12-21 07:59:19', '2017-12-21 07:59:19'),
(132, 11, 'Dr. Justen Stanton V', 'Eos ipsa animi eveniet pariatur corporis labore pariatur. Nihil omnis repellendus repellendus ad temporibus et. Aut id quas doloribus voluptas. Nam ut praesentium animi nam repellendus.', 4, '2017-12-21 07:59:19', '2017-12-21 07:59:19'),
(133, 27, 'Osvaldo Dach', 'Iure ratione enim corrupti. Esse numquam magnam accusamus harum et. Nam iure perferendis voluptatem modi cum occaecati quam debitis. Voluptatibus consectetur et voluptas unde omnis quisquam.', 4, '2017-12-21 07:59:19', '2017-12-21 07:59:19'),
(134, 17, 'Eladio Okuneva DDS', 'Sint expedita in dolor autem necessitatibus dolorum voluptas. Et dolor aut molestiae dolores at. Consectetur modi alias quibusdam ipsam. Aut et eveniet voluptatibus alias sapiente porro.', 1, '2017-12-21 07:59:19', '2017-12-21 07:59:19'),
(135, 33, 'Trent Goodwin', 'Qui sed et commodi consectetur quo sed. Et possimus illo possimus quia molestiae necessitatibus nostrum dicta. Nihil tenetur ipsum dicta adipisci quisquam et perspiciatis. Nemo corrupti quam ipsum harum et suscipit dolor.', 5, '2017-12-21 07:59:19', '2017-12-21 07:59:19'),
(136, 19, 'Trudie Sawayn', 'Consequuntur iure quos temporibus voluptate sit occaecati totam et. Fugit itaque repudiandae non ad. Impedit qui recusandae neque sed.', 4, '2017-12-21 07:59:19', '2017-12-21 07:59:19'),
(137, 44, 'Rudy Johns III', 'Ad beatae ut voluptatem maiores animi eius nobis. Voluptate odit autem qui expedita vitae. Veritatis voluptatem et aut magnam quia molestiae. Quia tempora atque exercitationem aut. Commodi eum officiis vero.', 0, '2017-12-21 07:59:19', '2017-12-21 07:59:19'),
(138, 40, 'Prof. Oral Langosh', 'Rerum aspernatur et molestiae. Maxime eum dolore quo eius aspernatur quia consequatur. Perferendis cupiditate quam officia accusantium repudiandae voluptates id. Consequatur eum veniam laudantium ut doloremque vel. Quae doloribus eligendi nostrum modi maxime tempora nam.', 2, '2017-12-21 07:59:19', '2017-12-21 07:59:19'),
(139, 39, 'Frederick Erdman', 'Blanditiis qui assumenda aspernatur provident. Sunt ullam et vel cumque dicta ea. Est est quidem dicta sunt molestiae sed est.', 3, '2017-12-21 07:59:19', '2017-12-21 07:59:19'),
(140, 42, 'Tad Schroeder', 'Et magnam qui dignissimos praesentium aut. Fugiat adipisci rerum omnis. Modi atque dicta esse totam mollitia et aut. At recusandae qui voluptatum aut.', 4, '2017-12-21 07:59:19', '2017-12-21 07:59:19'),
(141, 49, 'Ms. Freda Maggio', 'Ut rem laborum quis reiciendis rerum similique. Molestiae iusto et labore distinctio. Accusantium exercitationem qui eos quibusdam deserunt numquam.', 1, '2017-12-21 07:59:19', '2017-12-21 07:59:19'),
(142, 21, 'Efren Gleason', 'Consequatur unde quia non voluptas iusto ut. Dolores quia quisquam ab laboriosam rerum incidunt et. Veritatis veniam eius non tempora. Quod minima et quae sunt nulla sit perferendis. Neque est ullam dicta sed commodi.', 4, '2017-12-21 07:59:19', '2017-12-21 07:59:19'),
(143, 10, 'Liliane Rowe', 'Rerum maxime laboriosam enim aut. Voluptas perspiciatis earum error ut similique rem pariatur. Voluptas eaque a vitae ipsum accusamus. Officia et corporis beatae aut consequatur harum.', 0, '2017-12-21 07:59:19', '2017-12-21 07:59:19'),
(144, 29, 'Jacynthe Armstrong', 'Nisi atque facilis quo consequuntur et ut minima. Cum aut et ab amet corporis.', 5, '2017-12-21 07:59:19', '2017-12-21 07:59:19'),
(145, 50, 'Elva Jenkins', 'Dolorum tempore maxime nam illum optio et facere necessitatibus. Nulla molestiae tenetur esse vel id et. In optio saepe consequatur quis exercitationem consequatur officiis. Eaque ducimus blanditiis assumenda beatae sed nostrum provident.', 0, '2017-12-21 07:59:19', '2017-12-21 07:59:19'),
(146, 25, 'Miracle Trantow', 'Fuga non repellendus molestiae tempora dolorem. Reprehenderit iste nisi asperiores soluta fugiat. Omnis ad fuga est nostrum natus nihil. Vero dolorem natus sed illo accusantium eos eligendi sed.', 3, '2017-12-21 07:59:19', '2017-12-21 07:59:19'),
(147, 36, 'Mr. Sylvester Gottlieb DVM', 'Qui iure natus aut. Cupiditate quis odit aperiam accusamus quia. Sunt velit commodi consequatur quis.', 2, '2017-12-21 07:59:20', '2017-12-21 07:59:20'),
(148, 11, 'Jarod Lubowitz', 'Distinctio cumque facilis et iure vitae facere. Officiis et molestias dicta in voluptas. Error est ratione placeat non. Praesentium minus veniam error officia nisi at delectus.', 4, '2017-12-21 07:59:20', '2017-12-21 07:59:20'),
(149, 25, 'Juvenal Wolff Jr.', 'Sunt minus temporibus vitae unde qui. Et numquam harum eum nemo libero qui. Aut repellendus et eos ea dicta distinctio minima. Non odio et nostrum quo incidunt omnis.', 2, '2017-12-21 07:59:20', '2017-12-21 07:59:20'),
(150, 2, 'Lionel Witting IV', 'Sed fugit assumenda ad ducimus minima nam sequi. Nam ut sit dolore molestiae repellendus. Sed ut quisquam qui eaque est. Ullam nobis eius nam animi repudiandae.', 5, '2017-12-21 07:59:20', '2017-12-21 07:59:20'),
(151, 39, 'Mr. Anthony Hane MD', 'Pariatur est sit nobis rerum dicta ducimus voluptates. Porro deleniti tenetur culpa minima et a. Nemo a aliquid et ut ipsam sapiente.', 4, '2017-12-21 07:59:20', '2017-12-21 07:59:20'),
(152, 4, 'Mrs. Shanie Dibbert', 'Suscipit mollitia sunt tenetur necessitatibus et. Quaerat a enim repellat facere voluptate. Voluptas occaecati omnis aspernatur tenetur consequuntur sit. Adipisci iure veniam recusandae non enim est.', 3, '2017-12-21 07:59:20', '2017-12-21 07:59:20'),
(153, 2, 'Mr. Bradly Denesik', 'Doloremque inventore eaque voluptates sunt velit voluptatem nulla. Facere atque sint hic dignissimos aliquam quia. Aut nihil animi aut ipsa voluptatem quasi sit. Adipisci voluptas nihil dignissimos qui explicabo amet.', 4, '2017-12-21 07:59:20', '2017-12-21 07:59:20'),
(154, 14, 'Dorthy Murray', 'Explicabo eum quos assumenda asperiores. Accusamus eos facere id fuga ut. Consequatur consequatur repellat eius. In similique dignissimos qui.', 0, '2017-12-21 07:59:20', '2017-12-21 07:59:20'),
(155, 46, 'Oleta Hartmann', 'Quibusdam a rem delectus aspernatur. Non qui voluptatem sapiente dolor. Facere eum aut optio mollitia.', 4, '2017-12-21 07:59:20', '2017-12-21 07:59:20'),
(156, 37, 'Eveline Jerde Sr.', 'Quos adipisci optio ut repellendus repellat eveniet mollitia omnis. Aut maxime occaecati ipsa. Aut omnis cum voluptatem ut adipisci odio molestias.', 3, '2017-12-21 07:59:20', '2017-12-21 07:59:20'),
(157, 22, 'Dr. Waylon Runolfsson', 'Nihil voluptatem pariatur deleniti enim velit. Earum voluptas porro sequi eum. Aut et reprehenderit voluptatem voluptates. Tenetur est voluptas nisi quisquam nemo. Similique tempora molestiae eius expedita cumque soluta.', 4, '2017-12-21 07:59:20', '2017-12-21 07:59:20'),
(158, 47, 'Daija Pacocha DVM', 'Repellendus laborum cum corrupti aliquam quis delectus. Rerum consequatur consequuntur velit necessitatibus. Qui repudiandae harum dolorem ex nostrum.', 0, '2017-12-21 07:59:20', '2017-12-21 07:59:20'),
(159, 41, 'Vito Stoltenberg', 'Similique minima consequatur sunt temporibus. Numquam voluptas eius aut eos. Ad rerum velit maxime qui impedit. Voluptatem quis necessitatibus praesentium ut deleniti autem ut.', 2, '2017-12-21 07:59:20', '2017-12-21 07:59:20'),
(160, 1, 'Valerie Hahn', 'Doloremque in ab minima. Saepe cum molestiae laborum non non expedita. Facere nobis quia reiciendis aliquid.', 3, '2017-12-21 07:59:20', '2017-12-21 07:59:20'),
(161, 1, 'Darlene Morar II', 'Perferendis qui totam adipisci illum et. Ut sit labore beatae ipsam quia expedita. Qui nesciunt pariatur mollitia perferendis et nesciunt consequuntur. Iusto vitae qui dolorem est.', 3, '2017-12-21 07:59:20', '2017-12-21 07:59:20'),
(162, 23, 'Alfred Konopelski', 'Quia dolores architecto itaque ducimus placeat ea optio. Culpa omnis recusandae molestias animi dolorem sapiente. In voluptatum inventore beatae eius. Molestias vero quia inventore qui asperiores libero.', 2, '2017-12-21 07:59:20', '2017-12-21 07:59:20'),
(163, 31, 'Prof. Zachariah Koch', 'Aliquid fuga modi veritatis labore sit. Ut distinctio qui accusantium doloribus eaque. Eos nam vel consequatur praesentium. Tempore quia quo fugiat et sequi.', 5, '2017-12-21 07:59:20', '2017-12-21 07:59:20'),
(164, 1, 'Bella Nienow', 'Est id ipsam quas voluptate quas placeat libero optio. Aut sed inventore aut. Architecto occaecati commodi voluptatum facilis. Maxime ea quo quo quia et.', 1, '2017-12-21 07:59:20', '2017-12-21 07:59:20'),
(165, 7, 'Stephanie O\'Reilly', 'Aut aut vero aliquam nemo laborum necessitatibus nisi. Dignissimos suscipit est amet. Porro eaque pariatur perferendis magni molestiae eos. Qui et aut illo quidem dignissimos dolorum.', 0, '2017-12-21 07:59:20', '2017-12-21 07:59:20'),
(166, 26, 'Alanna Keebler', 'Voluptatem soluta est deleniti. Adipisci fugiat dolorum perferendis quam.', 4, '2017-12-21 07:59:21', '2017-12-21 07:59:21'),
(167, 5, 'Monty Schulist', 'Vitae enim impedit tenetur aspernatur. Aliquid quaerat recusandae unde tempora. Velit odio quae perspiciatis.', 5, '2017-12-21 07:59:21', '2017-12-21 07:59:21'),
(168, 24, 'Mrs. Freda Murphy Sr.', 'Quod illo corrupti voluptatem qui. Quibusdam est cumque fugit illo. Sit blanditiis eum quisquam consequatur.', 1, '2017-12-21 07:59:21', '2017-12-21 07:59:21'),
(169, 20, 'Lorenz Dickens', 'Repudiandae reprehenderit repellat consequuntur ut perspiciatis. Optio nobis perspiciatis cum. Praesentium et omnis sit mollitia fuga et ullam.', 5, '2017-12-21 07:59:21', '2017-12-21 07:59:21'),
(170, 49, 'Madge Wiegand', 'Facilis vitae minima vel. Aut eius commodi est doloribus. Maiores dolorum quos blanditiis optio aut. Quia et et illo non animi.', 4, '2017-12-21 07:59:21', '2017-12-21 07:59:21'),
(171, 16, 'Geraldine Haag MD', 'Sequi natus iure similique ut blanditiis corrupti. Animi voluptatem qui totam aliquid architecto quia modi ipsam. Voluptas aut aut quia sit et.', 3, '2017-12-21 07:59:21', '2017-12-21 07:59:21'),
(172, 35, 'Trent Jaskolski', 'Quaerat dolore id provident optio omnis autem quia. Totam rerum est et et temporibus. Similique voluptatem sed et possimus. Placeat tempore ut a omnis dolor.', 4, '2017-12-21 07:59:21', '2017-12-21 07:59:21'),
(173, 49, 'Elenora Reilly', 'Nemo et possimus atque laudantium dolorum architecto expedita. Totam earum error repellendus sapiente iste eius. Necessitatibus dicta error in porro.', 1, '2017-12-21 07:59:21', '2017-12-21 07:59:21'),
(174, 3, 'Garrison Parisian', 'Minus impedit provident officiis totam. Accusantium voluptatibus quibusdam dolorum eligendi. Esse magnam qui autem quis eos.', 2, '2017-12-21 07:59:21', '2017-12-21 07:59:21'),
(175, 50, 'Dr. Nikita Boehm MD', 'Vitae esse itaque aliquam et ea voluptas quia. Sint qui velit suscipit quo blanditiis necessitatibus. In aliquid molestiae quo odit qui possimus. Quo maxime provident laborum adipisci eveniet.', 0, '2017-12-21 07:59:21', '2017-12-21 07:59:21'),
(176, 32, 'Griffin Purdy', 'Minus qui placeat suscipit fugit qui aperiam magni. Reiciendis aperiam ad quis nihil. Alias nihil praesentium nostrum dolor voluptates recusandae. Sequi quia dicta sunt eos autem.', 5, '2017-12-21 07:59:21', '2017-12-21 07:59:21'),
(177, 47, 'Miss Alice Anderson Jr.', 'Minima similique architecto eum. Facere dolores dignissimos suscipit et. Sequi omnis est sunt mollitia voluptas non ullam.', 0, '2017-12-21 07:59:21', '2017-12-21 07:59:21'),
(178, 43, 'Guiseppe Lesch', 'Et iure quia voluptates sit ad quia fuga earum. Suscipit non aut eaque eaque. Est labore quia dolorum ullam ipsum numquam. Iste ut sunt consequuntur laborum dolorem quidem fugiat perspiciatis.', 4, '2017-12-21 07:59:21', '2017-12-21 07:59:21'),
(179, 7, 'Prof. Jessyca O\'Hara', 'Culpa molestiae soluta necessitatibus qui vero. Ipsum autem dignissimos recusandae autem. Et consequatur sit consequatur cupiditate quia. Corporis fugit reiciendis quo inventore sequi.', 3, '2017-12-21 07:59:21', '2017-12-21 07:59:21'),
(180, 31, 'Mr. Jettie Rohan', 'Aperiam asperiores nostrum repellat eos ipsa est. Sit ut velit ab sed corrupti perferendis. Velit ut quasi officia dolores enim ab sit.', 4, '2017-12-21 07:59:21', '2017-12-21 07:59:21'),
(181, 7, 'Odessa Doyle', 'Quasi consequuntur est praesentium ea. Velit quia est quibusdam. Laborum quam unde aut. Eius illum quidem reiciendis est sit iste.', 4, '2017-12-21 07:59:21', '2017-12-21 07:59:21'),
(182, 49, 'Ms. Eliza Davis DDS', 'At reprehenderit excepturi nulla quasi voluptatem corrupti eos odit. Atque est quia odio non repudiandae aspernatur. Architecto et esse fugit vel qui ipsum. Sapiente vero provident et autem sed maxime harum. Recusandae rerum quia quia inventore dolorem laudantium ut.', 2, '2017-12-21 07:59:21', '2017-12-21 07:59:21'),
(183, 5, 'Zella Langworth', 'Excepturi ut magnam aut amet. Vero beatae corrupti dicta omnis expedita dicta voluptas. Tempore architecto facilis eius magni hic.', 3, '2017-12-21 07:59:21', '2017-12-21 07:59:21'),
(184, 25, 'Heaven Thompson', 'Vel debitis deleniti ratione nesciunt dolor. Reprehenderit et omnis rerum et voluptas voluptates omnis. Nesciunt animi doloremque ducimus.', 0, '2017-12-21 07:59:21', '2017-12-21 07:59:21'),
(185, 39, 'Serena Boehm', 'Impedit quia quis qui dolor ut. Officia velit perferendis illum enim fuga quae. Quisquam sapiente iure suscipit voluptatem non quis autem. Ad eos reprehenderit dicta nihil itaque magnam.', 3, '2017-12-21 07:59:21', '2017-12-21 07:59:21'),
(186, 27, 'Miss Ashleigh D\'Amore', 'Porro nam voluptatem incidunt corrupti voluptas totam. Odit omnis officiis omnis fugit.', 2, '2017-12-21 07:59:21', '2017-12-21 07:59:21'),
(187, 10, 'Cecelia Brakus Jr.', 'Nihil reprehenderit rerum odit dolorem unde. Temporibus debitis vero nihil dicta eaque expedita sit.', 1, '2017-12-21 07:59:22', '2017-12-21 07:59:22'),
(188, 26, 'Aaliyah Trantow', 'Veniam fugit autem maiores delectus. Delectus eligendi ad error. Et ut labore iste eveniet molestias repudiandae ut unde. Enim ad ut harum dolorem.', 5, '2017-12-21 07:59:22', '2017-12-21 07:59:22'),
(189, 5, 'Pedro McLaughlin', 'Non rerum quas soluta quia consequatur cum maxime. Et reprehenderit sint itaque aut. Adipisci provident aut rerum et vel labore consequatur. Et quia ut autem hic quis error qui.', 5, '2017-12-21 07:59:22', '2017-12-21 07:59:22'),
(190, 5, 'Eliezer Emmerich', 'Soluta earum provident minima numquam est. Architecto voluptas tempore omnis quod velit architecto nostrum maxime. Velit magnam in qui accusamus harum praesentium harum. Enim aut blanditiis assumenda est aut.', 4, '2017-12-21 07:59:22', '2017-12-21 07:59:22'),
(191, 34, 'Vernon Dach', 'Ipsa impedit ex sit quis molestiae voluptatem. Amet qui cumque mollitia sint. Similique ut omnis id consequatur ducimus qui.', 5, '2017-12-21 07:59:22', '2017-12-21 07:59:22'),
(192, 39, 'Eino Gislason', 'Saepe vel ipsa sit. Et iste qui enim molestiae quasi. Eligendi voluptatem assumenda hic voluptates voluptas voluptas excepturi est. Accusamus modi quaerat ea magnam aperiam doloribus. Cupiditate sed dolores perspiciatis nihil consequuntur consequatur temporibus.', 2, '2017-12-21 07:59:22', '2017-12-21 07:59:22'),
(193, 37, 'Maryjane Stehr IV', 'Necessitatibus pariatur modi culpa voluptas aperiam aperiam suscipit. Magnam facilis ipsam facere dolores sapiente perspiciatis. Occaecati et repellendus ex officiis aut.', 5, '2017-12-21 07:59:22', '2017-12-21 07:59:22'),
(194, 3, 'Jacquelyn Littel', 'Optio temporibus est accusantium eum adipisci rem eos et. Vero ducimus non eaque totam ipsam. Dolor sit consequatur laudantium tenetur incidunt. Autem ullam beatae quis est. Est et dolor et quia.', 2, '2017-12-21 07:59:22', '2017-12-21 07:59:22'),
(195, 24, 'Adah Champlin', 'Ea dolorum ex aut aliquam soluta enim praesentium. Repudiandae soluta repellat nemo ducimus blanditiis. Rerum et quae dolor rerum necessitatibus repellat eum est. Optio vitae dolorem nihil sapiente repudiandae doloribus qui. Harum alias eum est.', 0, '2017-12-21 07:59:22', '2017-12-21 07:59:22'),
(196, 5, 'Gus Smitham', 'Illo ipsum et nihil hic. Voluptas quo vitae cumque laboriosam earum. At deserunt architecto deserunt in vel ea earum. Sint quia sed sunt qui cupiditate.', 1, '2017-12-21 07:59:22', '2017-12-21 07:59:22'),
(197, 37, 'Sandra Beier', 'Vel iusto sint sequi unde fuga assumenda libero. Expedita dicta libero rem doloribus vel. Ipsa voluptatem odit et qui ad at ut.', 1, '2017-12-21 07:59:22', '2017-12-21 07:59:22'),
(198, 25, 'Vada Christiansen', 'Maiores ea asperiores voluptas eum culpa. Odio vero voluptatum velit maxime. Consequatur et dicta nulla.', 0, '2017-12-21 07:59:22', '2017-12-21 07:59:22'),
(199, 10, 'Hannah Hermann MD', 'Voluptatem hic ut exercitationem sapiente nobis iste. Eius aperiam dolor voluptas nam quia aspernatur. Recusandae inventore perferendis recusandae qui molestiae quidem voluptatem.', 5, '2017-12-21 07:59:23', '2017-12-21 07:59:23'),
(200, 25, 'Herta Monahan', 'Labore vitae qui nostrum adipisci odio corporis magnam. Enim sunt aliquid quia reiciendis totam placeat. A voluptatum sit autem ad quidem. Autem eos sunt aliquid sunt assumenda maxime.', 1, '2017-12-21 07:59:23', '2017-12-21 07:59:23'),
(201, 2, 'Ernest Bruen', 'Debitis sapiente nihil et. Repudiandae ratione aut vel corrupti et non eveniet. Vitae rerum voluptatem tenetur expedita hic. Asperiores sunt sint at cumque porro est odio.', 2, '2017-12-21 07:59:23', '2017-12-21 07:59:23'),
(202, 36, 'Rafaela Fadel MD', 'Blanditiis ducimus repellat aliquid quod provident et ea. Magni facilis laudantium quaerat ipsa.', 5, '2017-12-21 07:59:23', '2017-12-21 07:59:23'),
(203, 5, 'Prof. Rosario Bahringer', 'Dolores consequuntur aperiam aut non voluptas. Maiores sunt temporibus inventore esse eveniet et. Voluptate consequuntur voluptatem et veniam et similique. Accusamus quas ad sit beatae. Ex inventore laudantium magnam vero.', 5, '2017-12-21 07:59:23', '2017-12-21 07:59:23'),
(204, 3, 'Martin Klocko', 'Dolorem omnis eos quia consequatur deleniti. Quisquam inventore fugiat velit error et. Fuga doloribus consequuntur dolorem. Id nostrum ea aperiam quae qui consequatur dolor.', 5, '2017-12-21 07:59:23', '2017-12-21 07:59:23'),
(205, 10, 'Margret Kuphal', 'Ducimus saepe dignissimos aspernatur ex voluptatum et debitis repellendus. Vel iste praesentium dolorem placeat quia nihil. Voluptas qui quos optio voluptatem. Rem et voluptatem sed quis.', 1, '2017-12-21 07:59:23', '2017-12-21 07:59:23');
INSERT INTO `reviews` (`id`, `product_id`, `customer`, `review`, `rating`, `created_at`, `updated_at`) VALUES
(206, 23, 'Miss Lorena Hauck', 'Laboriosam aut cumque sit qui. Ducimus earum id laborum non impedit eaque corrupti modi. Qui sunt aut maxime et sint.', 5, '2017-12-21 07:59:23', '2017-12-21 07:59:23'),
(207, 24, 'Gudrun Kemmer', 'Vel assumenda quas aut qui. Nulla cum quo magnam aut. Possimus reprehenderit quo consectetur velit. Dolorem ut et at non vel voluptatum.', 3, '2017-12-21 07:59:23', '2017-12-21 07:59:23'),
(208, 3, 'Filomena Walker PhD', 'Dolorem qui id harum est id. Optio suscipit sint sapiente ad corrupti. Quas perspiciatis officiis ipsam eveniet deserunt in. Accusantium et molestias quidem officia.', 0, '2017-12-21 07:59:23', '2017-12-21 07:59:23'),
(209, 37, 'Tamara Pacocha II', 'Tempora assumenda accusantium quo possimus possimus. Voluptatem veniam facere labore ut dolores corrupti cum. Non sed sed ad et sunt. Molestiae hic et in in praesentium qui mollitia architecto. Cumque enim consequatur necessitatibus impedit neque.', 3, '2017-12-21 07:59:23', '2017-12-21 07:59:23'),
(210, 30, 'Kyler Fadel I', 'Ipsa velit sunt sit fugiat. Itaque hic excepturi quia reprehenderit. Ut sequi vero sunt eaque. Consequatur sit itaque cupiditate officia.', 1, '2017-12-21 07:59:24', '2017-12-21 07:59:24'),
(211, 33, 'Vanessa Hartmann', 'Numquam ea iste fuga est. Porro neque ratione tenetur id autem. Voluptatem adipisci qui consequatur consectetur sit.', 0, '2017-12-21 07:59:24', '2017-12-21 07:59:24'),
(212, 16, 'Dr. Caesar Koch', 'Et sint ab quis tempora. Velit occaecati aliquam consequatur velit. Veniam sunt est tenetur iusto ut aut quaerat. Culpa mollitia architecto aut necessitatibus quidem excepturi quia.', 0, '2017-12-21 07:59:24', '2017-12-21 07:59:24'),
(213, 21, 'Prof. Alexane Rutherford I', 'Dolores ipsum reiciendis nihil commodi quis magni dolores dolore. Sunt nihil iusto recusandae delectus voluptatem ab. Temporibus expedita quas et iusto vel dolorem voluptatem. In blanditiis et cumque occaecati ut omnis. Atque voluptatem aut quisquam quidem animi debitis similique accusantium.', 0, '2017-12-21 07:59:24', '2017-12-21 07:59:24'),
(214, 29, 'Ressie Tromp Jr.', 'Perferendis et facilis est non quaerat rerum. Necessitatibus error ipsam sunt excepturi. Ut iste odio rerum rerum. Non quae id vel ut ducimus quaerat recusandae.', 2, '2017-12-21 07:59:24', '2017-12-21 07:59:24'),
(215, 21, 'Boyd Heathcote', 'Voluptatibus reprehenderit qui dolores qui doloremque voluptatum. Expedita laborum repudiandae dolor autem id. Et consequatur aut omnis in qui omnis.', 2, '2017-12-21 07:59:24', '2017-12-21 07:59:24'),
(216, 6, 'Alisha Fay IV', 'Sed consectetur omnis ratione libero provident soluta. Laboriosam animi eos est a quos dolores ipsa repellendus. Dolor illum est voluptatem dolor dicta.', 5, '2017-12-21 07:59:24', '2017-12-21 07:59:24'),
(217, 19, 'Rosario Cremin', 'Dolore temporibus aspernatur incidunt iste. In et aut illo quas nobis. In eligendi cumque perspiciatis ullam id.', 0, '2017-12-21 07:59:24', '2017-12-21 07:59:24'),
(218, 30, 'Mrs. Taryn Weissnat', 'Molestiae ea rerum ipsam voluptatibus. Suscipit dolor ut aut perspiciatis. Repudiandae praesentium aut ipsum quia ipsum error.', 3, '2017-12-21 07:59:24', '2017-12-21 07:59:24'),
(219, 30, 'Dorris Harris', 'Sed enim modi excepturi vel aut at. Mollitia alias nisi in sequi explicabo quaerat commodi. Molestias consectetur quidem repellat amet. Hic natus est non est in.', 3, '2017-12-21 07:59:25', '2017-12-21 07:59:25'),
(220, 34, 'Prof. Lambert Dietrich', 'Quod non est id aut dolorem. Voluptatum ratione et consequatur occaecati non. Quo molestiae et recusandae suscipit maxime aut. Beatae qui voluptatem delectus autem aut in.', 1, '2017-12-21 07:59:25', '2017-12-21 07:59:25'),
(221, 14, 'Elnora Nikolaus', 'Quia dolorum eaque accusamus praesentium. Aperiam qui necessitatibus eveniet molestiae. Commodi sed ratione sunt eligendi provident eum quibusdam. Necessitatibus sit temporibus inventore rerum eius voluptate.', 1, '2017-12-21 07:59:25', '2017-12-21 07:59:25'),
(222, 11, 'Ally Hirthe IV', 'Necessitatibus autem sit sed et cumque in sunt. Ullam odio quasi illum occaecati.', 0, '2017-12-21 07:59:25', '2017-12-21 07:59:25'),
(223, 13, 'Rickie Dickens', 'Et ducimus molestias fuga eaque est nostrum rerum ut. Ipsa natus officia assumenda excepturi sit similique ut. Dolor numquam doloremque recusandae minus nisi reiciendis.', 0, '2017-12-21 07:59:25', '2017-12-21 07:59:25'),
(224, 2, 'Ms. Lizeth Stark', 'Voluptatem vero quo quisquam quia aperiam accusantium velit. Est doloremque excepturi qui quos sapiente. Tenetur dolores accusantium deserunt eos minima. Et quas totam incidunt nulla a praesentium. Ducimus mollitia error ullam ut modi ea aliquam quia.', 4, '2017-12-21 07:59:25', '2017-12-21 07:59:25'),
(225, 24, 'Chad Harris', 'Quia tempora in odio dolorum iure nihil quia. Saepe in et ut sunt aperiam placeat dolor. Eum soluta dolor reiciendis.', 2, '2017-12-21 07:59:25', '2017-12-21 07:59:25'),
(226, 12, 'Delmer Corwin', 'Qui quibusdam est saepe repellendus. In voluptatum dicta dolor nobis impedit voluptatem aliquid.', 0, '2017-12-21 07:59:25', '2017-12-21 07:59:25'),
(227, 1, 'Gilbert Veum', 'Mollitia atque architecto officia quibusdam id necessitatibus. Quia voluptatem sed aspernatur ut. Doloremque quas sunt voluptate cupiditate veniam velit sunt earum. Et dolorum rem quo fuga est consequatur nisi.', 4, '2017-12-21 07:59:25', '2017-12-21 07:59:25'),
(228, 42, 'Jacques Batz MD', 'Enim est cumque et ut dolore. Et quae eos unde ut voluptatibus quis perferendis. Repellendus debitis accusamus temporibus quasi fugiat quia.', 5, '2017-12-21 07:59:25', '2017-12-21 07:59:25'),
(229, 1, 'Mervin Waters I', 'Illum dignissimos quidem non porro nisi mollitia. Eaque facere illum eaque non. Quasi atque provident voluptatibus ea in blanditiis omnis nostrum.', 3, '2017-12-21 07:59:25', '2017-12-21 07:59:25'),
(230, 17, 'Fernando Wyman', 'Omnis qui debitis excepturi ea. Sapiente sint velit voluptatibus consequatur harum tenetur neque. Qui voluptates explicabo rem voluptas qui.', 2, '2017-12-21 07:59:25', '2017-12-21 07:59:25'),
(231, 8, 'Alexys Murphy', 'Ea non beatae quis repudiandae ea. Corporis qui est eveniet voluptatem porro neque. Aut laboriosam et illo.', 0, '2017-12-21 07:59:25', '2017-12-21 07:59:25'),
(232, 31, 'Isabelle Schaden IV', 'Ex rerum velit fugit officia eos fuga. Fugit itaque nihil quibusdam in illum et autem ut. Quasi ut ipsam soluta beatae voluptas. Harum dolore et nesciunt repellendus.', 1, '2017-12-21 07:59:26', '2017-12-21 07:59:26'),
(233, 39, 'Gaetano Hane Sr.', 'Hic ut eum consequatur. At aut enim ducimus quisquam eos. Itaque tenetur aut officia aliquid ipsum voluptas rerum. Voluptas molestias quibusdam voluptate ratione rerum.', 1, '2017-12-21 07:59:26', '2017-12-21 07:59:26'),
(234, 45, 'Katelin Wuckert', 'Harum mollitia et numquam magni non vel. Quo nam cum quia autem. Optio quis in rem. Dicta esse quia ut.', 4, '2017-12-21 07:59:26', '2017-12-21 07:59:26'),
(235, 48, 'Katelynn Langosh', 'Incidunt voluptate aliquam a et voluptatem est ipsa voluptatem. Ullam reprehenderit dolore molestias et veniam et. Commodi fugiat minus est distinctio. Incidunt nisi corporis laborum ipsa.', 3, '2017-12-21 07:59:26', '2017-12-21 07:59:26'),
(236, 38, 'Mrs. Mable Sipes', 'Dolorem a quam cumque dolor. Delectus sunt iusto est eos amet. Perspiciatis dolorem dolorum rerum ut expedita dolorem.', 2, '2017-12-21 07:59:26', '2017-12-21 07:59:26'),
(237, 44, 'Domenico Reilly', 'Nostrum repellendus aliquam sit quisquam provident id accusantium. Occaecati dolores praesentium voluptatum ad. Non eligendi velit qui non.', 3, '2017-12-21 07:59:26', '2017-12-21 07:59:26'),
(238, 6, 'Citlalli Kulas II', 'Magnam saepe ut quae. Non dolor laborum aliquam sit inventore at vel. Autem aut consequatur nobis quasi omnis minus esse.', 5, '2017-12-21 07:59:26', '2017-12-21 07:59:26'),
(239, 8, 'Magali Harvey Jr.', 'Facilis vitae et accusamus odio illum. Ut debitis ut officiis autem. Aperiam fugiat molestias et magnam cumque laboriosam.', 1, '2017-12-21 07:59:26', '2017-12-21 07:59:26'),
(240, 22, 'Mrs. Crystel Champlin Sr.', 'Voluptates quos alias eos temporibus incidunt numquam dolor. Repudiandae ipsum fugiat laudantium fugiat. Quia architecto laudantium accusantium cupiditate omnis qui. Quia omnis nihil quia consequatur quia. Ut hic est aperiam impedit excepturi et impedit.', 3, '2017-12-21 07:59:26', '2017-12-21 07:59:26'),
(241, 48, 'Garth Cartwright', 'Nesciunt placeat temporibus repellat veritatis nobis optio non deleniti. Qui provident porro est ut eius. Aliquid quas doloremque voluptatem rem nesciunt quasi fugit.', 0, '2017-12-21 07:59:26', '2017-12-21 07:59:26'),
(242, 2, 'Dr. Ursula Balistreri', 'Laborum consequatur laudantium asperiores magnam maxime omnis perspiciatis consequuntur. Corrupti qui ipsa est repudiandae quo. Qui omnis reiciendis sit sint ut hic tempore ratione. Ad earum sapiente rerum tempore modi nobis. Accusantium id aspernatur quod dolor ab nisi.', 5, '2017-12-21 07:59:26', '2017-12-21 07:59:26'),
(243, 32, 'Lessie Bauch', 'Qui rerum nulla et aperiam dolorem nisi. Quia alias rerum rerum et qui dolor adipisci. Animi doloremque consequuntur nihil laudantium a fuga aliquid.', 0, '2017-12-21 07:59:26', '2017-12-21 07:59:26'),
(244, 27, 'Prof. Elda Lubowitz', 'Et reprehenderit et perferendis occaecati necessitatibus error et. Eos et dolore porro ad qui. Eaque dolorem delectus sunt provident ipsum omnis.', 3, '2017-12-21 07:59:26', '2017-12-21 07:59:26'),
(245, 36, 'Chadd Heidenreich', 'Fugit itaque odio eum et. Illo voluptas ut soluta odit non aut. Porro enim velit voluptatem et ratione sit. Temporibus inventore nam veritatis aliquam officiis sit.', 4, '2017-12-21 07:59:26', '2017-12-21 07:59:26'),
(246, 16, 'Dasia Brekke', 'Odit aspernatur labore debitis ut. Ut atque doloribus magnam perspiciatis consequuntur.', 3, '2017-12-21 07:59:26', '2017-12-21 07:59:26'),
(247, 41, 'Caesar Hickle', 'Optio distinctio blanditiis qui vitae eos dignissimos odit. Expedita possimus nulla voluptas veniam et commodi rerum. Neque aut ea laborum voluptatem. Fugiat ratione accusamus et similique vero voluptatum.', 0, '2017-12-21 07:59:26', '2017-12-21 07:59:26'),
(248, 5, 'Clotilde Heidenreich', 'Neque in ea temporibus rerum occaecati. Doloremque amet explicabo rerum architecto. Minus voluptas ipsa blanditiis doloremque iusto.', 3, '2017-12-21 07:59:26', '2017-12-21 07:59:26'),
(249, 17, 'Ms. Alberta Turcotte', 'In sed vitae voluptatem perferendis animi quaerat. Corporis nam ipsam et fugit ut et provident qui.', 5, '2017-12-21 07:59:27', '2017-12-21 07:59:27'),
(250, 6, 'Jameson Rath', 'Consequatur voluptatibus reprehenderit voluptatem quaerat asperiores temporibus vitae. Repudiandae sint dolorum sint et et ab. Nihil fugit enim est officiis suscipit voluptas aut tempore. Rem corporis impedit consequatur sit magni nulla.', 0, '2017-12-21 07:59:27', '2017-12-21 07:59:27'),
(251, 38, 'Alex Tromp', 'Officiis quo nulla omnis quasi sed harum fuga. Beatae et doloribus velit eum praesentium ipsa.', 1, '2017-12-21 07:59:27', '2017-12-21 07:59:27'),
(252, 18, 'Veronica Ritchie III', 'Cumque sit incidunt non adipisci aut sapiente omnis. Nulla quos non necessitatibus nemo. Suscipit quo cum non ut officia. Est necessitatibus tempora perferendis recusandae necessitatibus in.', 5, '2017-12-21 07:59:27', '2017-12-21 07:59:27'),
(253, 50, 'Haylie Stanton IV', 'Et quo qui doloribus modi magnam ipsa porro. Aspernatur repellat blanditiis et architecto non corporis in. Error sapiente corporis consequatur sit laudantium. Quis itaque voluptate hic eos et minus.', 2, '2017-12-21 07:59:27', '2017-12-21 07:59:27'),
(254, 25, 'Queenie Dooley', 'Quia non vel blanditiis iusto delectus cumque. Laboriosam sequi quaerat non inventore harum saepe. Similique et iste et saepe quidem molestiae hic.', 0, '2017-12-21 07:59:27', '2017-12-21 07:59:27'),
(255, 1, 'Dr. Liliane Moore', 'Pariatur nostrum eligendi et. Non dicta aut mollitia nihil dolor quasi. Et voluptates quia dolores similique.', 1, '2017-12-21 07:59:27', '2017-12-21 07:59:27'),
(256, 11, 'Karolann Hammes', 'Mollitia voluptate aut voluptas sint aut molestiae. Sed pariatur iure velit vel. Hic consequuntur in voluptatem qui.', 5, '2017-12-21 07:59:27', '2017-12-21 07:59:27'),
(257, 11, 'Ms. Alexa Keeling', 'Cupiditate autem nesciunt vero quod veniam dolores sit. Nisi facilis illo excepturi cum molestias ratione. Ab voluptates consequatur ut blanditiis odio.', 3, '2017-12-21 07:59:28', '2017-12-21 07:59:28'),
(258, 7, 'Clemens Gleason', 'Non dolore deserunt cum et est et ut. Ipsam porro eius eligendi vitae repellendus. Sunt veniam ex eligendi esse sed aut est velit. Eius est iste sint assumenda quis vel atque.', 4, '2017-12-21 07:59:28', '2017-12-21 07:59:28'),
(259, 31, 'Milo Goyette DDS', 'Sunt minima vel sequi et debitis. Non odit maxime totam repellendus eveniet. Delectus natus aut eaque voluptatem ipsam tempore. Sequi soluta ut optio delectus est sed vel occaecati. Illum sed voluptatem et omnis.', 0, '2017-12-21 07:59:28', '2017-12-21 07:59:28'),
(260, 49, 'Garrett Kuhn', 'Asperiores excepturi vitae vitae sint et aut autem et. Quis saepe placeat nesciunt occaecati aliquid. Eos dolorem et veniam id qui et laudantium. Velit esse praesentium autem odit.', 1, '2017-12-21 07:59:28', '2017-12-21 07:59:28'),
(261, 31, 'Dr. Gabe Zulauf', 'Quod accusamus quis non error delectus deserunt qui quis. Iste cumque qui neque quaerat maxime voluptatem reprehenderit. Voluptates natus quia libero quis.', 3, '2017-12-21 07:59:28', '2017-12-21 07:59:28'),
(262, 28, 'Prof. Edna Green', 'Placeat quia et ut ut tenetur. Pariatur et nesciunt accusamus officia. Minus architecto necessitatibus praesentium quas fugit et soluta quas. Minima cumque necessitatibus ducimus voluptatem.', 5, '2017-12-21 07:59:28', '2017-12-21 07:59:28'),
(263, 49, 'Dr. Wilber Jaskolski IV', 'Eum rem officia ex. Magnam magni culpa hic quia et. Ut voluptatem libero dolorum similique illo. Voluptatibus dolores adipisci optio omnis.', 2, '2017-12-21 07:59:28', '2017-12-21 07:59:28'),
(264, 50, 'Brent Okuneva Sr.', 'Exercitationem officiis in dignissimos quia earum molestiae vel qui. Repellat blanditiis qui quisquam est adipisci iure. Vel ut officiis fuga hic laboriosam. Voluptatem cum nesciunt ad possimus voluptatum.', 5, '2017-12-21 07:59:28', '2017-12-21 07:59:28'),
(265, 18, 'Armando Sauer', 'Aut aut magni ut perspiciatis voluptates explicabo rem. Non voluptatem voluptas qui quasi. Assumenda omnis impedit rerum qui non ipsa vero. Similique quasi voluptatem consequuntur exercitationem deleniti aut.', 4, '2017-12-21 07:59:28', '2017-12-21 07:59:28'),
(266, 38, 'Golden Hoppe', 'Minus iste accusamus quasi et laboriosam corporis id. Inventore et aliquid ut et totam consequatur. Vero dolorum eaque sunt ut nihil dolorem quaerat.', 2, '2017-12-21 07:59:29', '2017-12-21 07:59:29'),
(267, 1, 'Mr. Nathan Bogisich IV', 'Odio dolorem vel dicta ut quo. Rem voluptatem in dicta quod. Dignissimos pariatur et consequuntur quidem consequatur ut.', 2, '2017-12-21 07:59:29', '2017-12-21 07:59:29'),
(268, 49, 'Elmo Herzog', 'Exercitationem reprehenderit dolores deserunt. Quam eos modi voluptates excepturi excepturi. Voluptas voluptatem sint sunt illo quaerat omnis. Ea quia maiores qui numquam culpa aut aspernatur.', 4, '2017-12-21 07:59:29', '2017-12-21 07:59:29'),
(269, 34, 'Shanon Lockman DVM', 'Id a illo debitis sint. Nisi inventore id fugit aut iure. Perspiciatis perferendis optio excepturi voluptas dolores voluptatem incidunt. Id doloremque modi facere laboriosam.', 1, '2017-12-21 07:59:29', '2017-12-21 07:59:29'),
(270, 11, 'Miss Dolores Denesik', 'Nisi dolor aut enim cumque expedita eius ut. Delectus provident voluptas in est qui quia facilis. Dolor blanditiis quis quia est.', 1, '2017-12-21 07:59:29', '2017-12-21 07:59:29'),
(271, 9, 'Prof. Enrico Hahn V', 'Quod perferendis ducimus molestiae aspernatur nostrum repudiandae. Voluptates sed minima incidunt qui sed eaque. Voluptatem illum autem quibusdam doloribus ut. Optio occaecati fugit minus sunt asperiores qui quia quia.', 4, '2017-12-21 07:59:29', '2017-12-21 07:59:29'),
(272, 25, 'Kaitlin DuBuque', 'Cupiditate et sit sed sint magnam. Minus eum pariatur esse. Amet et sit et architecto dolorem nostrum molestias possimus.', 4, '2017-12-21 07:59:29', '2017-12-21 07:59:29'),
(273, 39, 'Chanelle Bergstrom V', 'Cumque perspiciatis nemo iste suscipit tenetur beatae asperiores quis. Officia adipisci reprehenderit in qui. Facilis quae est recusandae ut non.', 5, '2017-12-21 07:59:29', '2017-12-21 07:59:29'),
(274, 35, 'Mrs. Asia O\'Hara V', 'Et voluptate qui aut et. Eveniet laborum modi explicabo. Quo minima quos odit deserunt nesciunt.', 5, '2017-12-21 07:59:30', '2017-12-21 07:59:30'),
(275, 17, 'Kaleb Douglas', 'Sed dolorum qui quo. Accusamus qui minima minus harum occaecati corrupti aut harum. Reiciendis assumenda illo distinctio et ut.', 3, '2017-12-21 07:59:30', '2017-12-21 07:59:30'),
(276, 4, 'Prof. Hanna Parisian V', 'Laudantium nostrum tempora vero aut. Quis quo accusantium totam fuga nemo deserunt libero. Quas quasi facilis maiores soluta tempore cum minima. Sit quo et ut. Quae aspernatur consectetur molestias eum ipsam voluptatibus.', 1, '2017-12-21 07:59:30', '2017-12-21 07:59:30'),
(277, 40, 'Sarai Hoeger', 'Excepturi eius ut et. Voluptatum et nemo perspiciatis nulla. Nihil assumenda quo et veritatis molestiae.', 4, '2017-12-21 07:59:30', '2017-12-21 07:59:30'),
(278, 49, 'Mitchel Towne DVM', 'Officia dolorem perspiciatis fugit iste dolorum corrupti. Sed et qui et quam laudantium ut fuga. Saepe deleniti unde odio.', 4, '2017-12-21 07:59:30', '2017-12-21 07:59:30'),
(279, 47, 'Prof. Loy Moen DDS', 'Corrupti nesciunt cupiditate saepe rerum. Temporibus maxime aspernatur dolores natus. Adipisci doloremque aut sit repellendus repudiandae itaque.', 1, '2017-12-21 07:59:30', '2017-12-21 07:59:30'),
(280, 27, 'Casper Borer', 'Et esse autem assumenda tempore modi voluptas earum exercitationem. Neque quis ipsa est aperiam expedita harum. Officia ut aliquid dolor voluptatibus quis et.', 3, '2017-12-21 07:59:30', '2017-12-21 07:59:30'),
(281, 36, 'Ms. Augustine Lesch', 'Eius asperiores esse asperiores similique dolorem cum ex soluta. Dolores aut sunt dolores et atque. Totam non non maiores aut qui qui molestiae.', 4, '2017-12-21 07:59:30', '2017-12-21 07:59:30'),
(282, 41, 'Wava Jast', 'Minus tenetur provident dolorem fugit dolorum. Quasi voluptatem doloremque qui sed. Culpa suscipit exercitationem enim nihil. Ut et est esse distinctio unde esse commodi qui.', 0, '2017-12-21 07:59:31', '2017-12-21 07:59:31'),
(283, 42, 'Mr. Magnus Lowe I', 'Sequi dignissimos explicabo non quisquam autem. Fugit cum dolor ex velit. Quia corporis sed quia est commodi. Et debitis nihil nemo voluptas est a.', 0, '2017-12-21 07:59:31', '2017-12-21 07:59:31'),
(284, 4, 'Tod Jakubowski', 'Dolorem sequi natus voluptate incidunt nobis expedita ut aut. Atque voluptas id animi unde illo rerum. Modi aut tempore ad quia aliquid ducimus. Delectus modi sint optio ut.', 2, '2017-12-21 07:59:31', '2017-12-21 07:59:31'),
(285, 21, 'Mr. Skye Halvorson Jr.', 'Ducimus voluptatum impedit voluptatem sapiente sint. Omnis nobis modi sint veniam et quo voluptatum. Sed natus dolore nemo omnis sed laudantium at.', 3, '2017-12-21 07:59:31', '2017-12-21 07:59:31'),
(286, 34, 'Kattie Willms', 'Autem qui reiciendis adipisci nesciunt officiis non. Expedita et at non quis assumenda fugiat debitis labore. Quae necessitatibus possimus maiores iure tenetur qui. Consequatur asperiores dolorum voluptas eligendi suscipit debitis qui.', 4, '2017-12-21 07:59:31', '2017-12-21 07:59:31'),
(287, 43, 'Nathanial Hirthe', 'Numquam officia accusamus et sequi sapiente molestiae alias dolor. Provident tempore quasi possimus est similique voluptas culpa. Quia voluptatibus magni inventore ipsa sapiente beatae. Voluptatum magnam expedita laborum nesciunt impedit libero.', 5, '2017-12-21 07:59:31', '2017-12-21 07:59:31'),
(288, 35, 'Arden Towne', 'Ipsam cum ut consequatur quos aut unde. Molestiae repudiandae qui sequi provident. Voluptatibus natus tempore aut rerum voluptatum. Iste sit rerum officia dolorum aliquam.', 0, '2017-12-21 07:59:32', '2017-12-21 07:59:32'),
(289, 19, 'Frieda Torphy', 'Non autem occaecati dignissimos. Alias officiis quaerat quae ut ut itaque beatae. Explicabo explicabo autem qui perspiciatis.', 2, '2017-12-21 07:59:32', '2017-12-21 07:59:32'),
(290, 50, 'Dr. Earnest Breitenberg II', 'Ut fugit voluptate ab adipisci similique. Officiis laudantium officia eligendi quam architecto.', 5, '2017-12-21 07:59:32', '2017-12-21 07:59:32'),
(291, 30, 'Dr. Daniella Zulauf', 'Fugit molestiae pariatur sapiente reiciendis nihil ex. Impedit ea suscipit sed rem quia et neque vero. Laudantium minus dolorem atque dicta nobis ratione quo molestiae. Qui voluptatem aut enim illum fugiat minima.', 2, '2017-12-21 07:59:32', '2017-12-21 07:59:32'),
(292, 8, 'Mr. D\'angelo Hoppe DVM', 'Perspiciatis nihil dolor sequi optio ut ullam deleniti ad. Est qui nostrum a voluptatem dolores. Qui qui expedita est rerum nostrum sit enim. Id cupiditate corrupti et tenetur ut ea.', 0, '2017-12-21 07:59:32', '2017-12-21 07:59:32'),
(293, 16, 'Niko Daniel', 'Enim vel rerum enim voluptatem. Facilis velit molestias et officia tempora. Neque consequatur dolore a. Ea doloribus numquam ab magni doloremque incidunt.', 1, '2017-12-21 07:59:32', '2017-12-21 07:59:32'),
(294, 9, 'Gregoria Wyman II', 'Repellendus et inventore in placeat aut qui id. Quisquam unde aut ut qui. Ab reiciendis maiores et sit et.', 2, '2017-12-21 07:59:32', '2017-12-21 07:59:32'),
(295, 9, 'Loraine Beer', 'Sint vel officiis numquam ut quia. Aut laborum error quae est. Aut id aut eum quia. Exercitationem quibusdam eos hic aliquid.', 3, '2017-12-21 07:59:32', '2017-12-21 07:59:32'),
(296, 33, 'Ivory Collins', 'Delectus laudantium nam consequatur odit. Id voluptatem distinctio autem enim. In et et quis soluta asperiores neque deleniti magni. Aut quo eaque fugit quos.', 4, '2017-12-21 07:59:32', '2017-12-21 07:59:32'),
(297, 26, 'Prof. Paul Towne', 'Atque reprehenderit ipsum temporibus voluptatem qui similique repudiandae. Odio a est incidunt et. In ut id illum velit quibusdam at. Libero odio optio quasi dolores velit fugit et dicta.', 3, '2017-12-21 07:59:32', '2017-12-21 07:59:32'),
(298, 50, 'Hettie Purdy', 'Quo beatae occaecati vero unde tempore optio. Similique eius vero modi sed. Dolores voluptates est qui magni. Fugit aut officia sed perferendis explicabo reiciendis nisi.', 2, '2017-12-21 07:59:32', '2017-12-21 07:59:32'),
(299, 34, 'Cindy Schultz', 'Corrupti voluptatum laborum voluptas voluptate voluptas dignissimos est. Ab at at occaecati aut fugiat facilis. Earum non nulla sed possimus quam tempore.', 2, '2017-12-21 07:59:33', '2017-12-21 07:59:33'),
(300, 18, 'Dr. David Hirthe', 'Maxime laborum et expedita eos. Velit veritatis atque nisi dolores. Dolore sint aut enim nostrum ut. Accusantium asperiores sit pariatur.', 5, '2017-12-21 07:59:33', '2017-12-21 07:59:33');

-- --------------------------------------------------------

--
-- Table structure for table `users`
--

CREATE TABLE `users` (
  `id` int(10) UNSIGNED NOT NULL,
  `name` varchar(191) COLLATE utf8mb4_unicode_ci NOT NULL,
  `email` varchar(191) COLLATE utf8mb4_unicode_ci NOT NULL,
  `password` varchar(191) COLLATE utf8mb4_unicode_ci NOT NULL,
  `remember_token` varchar(100) COLLATE utf8mb4_unicode_ci DEFAULT NULL,
  `created_at` timestamp NULL DEFAULT NULL,
  `updated_at` timestamp NULL DEFAULT NULL
) ENGINE=InnoDB DEFAULT CHARSET=utf8mb4 COLLATE=utf8mb4_unicode_ci;

--
-- Indexes for dumped tables
--

--
-- Indexes for table `migrations`
--
ALTER TABLE `migrations`
  ADD PRIMARY KEY (`id`);

--
-- Indexes for table `password_resets`
--
ALTER TABLE `password_resets`
  ADD KEY `password_resets_email_index` (`email`);

--
-- Indexes for table `products`
--
ALTER TABLE `products`
  ADD PRIMARY KEY (`id`);

--
-- Indexes for table `reviews`
--
ALTER TABLE `reviews`
  ADD PRIMARY KEY (`id`),
  ADD KEY `reviews_product_id_index` (`product_id`);

--
-- Indexes for table `users`
--
ALTER TABLE `users`
  ADD PRIMARY KEY (`id`),
  ADD UNIQUE KEY `users_email_unique` (`email`);

--
-- AUTO_INCREMENT for dumped tables
--

--
-- AUTO_INCREMENT for table `migrations`
--
ALTER TABLE `migrations`
  MODIFY `id` int(10) UNSIGNED NOT NULL AUTO_INCREMENT, AUTO_INCREMENT=5;

--
-- AUTO_INCREMENT for table `products`
--
ALTER TABLE `products`
  MODIFY `id` int(10) UNSIGNED NOT NULL AUTO_INCREMENT, AUTO_INCREMENT=51;

--
-- AUTO_INCREMENT for table `reviews`
--
ALTER TABLE `reviews`
  MODIFY `id` int(10) UNSIGNED NOT NULL AUTO_INCREMENT, AUTO_INCREMENT=301;

--
-- AUTO_INCREMENT for table `users`
--
ALTER TABLE `users`
  MODIFY `id` int(10) UNSIGNED NOT NULL AUTO_INCREMENT;

--
-- Constraints for dumped tables
--

--
-- Constraints for table `reviews`
--
ALTER TABLE `reviews`
  ADD CONSTRAINT `reviews_product_id_foreign` FOREIGN KEY (`product_id`) REFERENCES `products` (`id`) ON DELETE CASCADE;
COMMIT;

/*!40101 SET CHARACTER_SET_CLIENT=@OLD_CHARACTER_SET_CLIENT */;
/*!40101 SET CHARACTER_SET_RESULTS=@OLD_CHARACTER_SET_RESULTS */;
/*!40101 SET COLLATION_CONNECTION=@OLD_COLLATION_CONNECTION */;
